Word,FrequencyScore,totalReadingTime
,0.0,
Este,6.93,269
clar,5.15,551
că,6.91,65
este,6.93,651
nevoie,5.69,317
de,7.72,231
structură,4.48,803
diferită,4.44,495
a,7.45,124
cărților,4.22,491
deoarece,5.45,373
acestea,5.61,613
sunt,6.6,319
urmare,5.3,403
liniar,3.37,628
destinate,4.39,1273
să,7.14,50
fie,6.13,123
cel,6.17,246
puțin,5.78,185
în,7.47,184
cele,6.14,311
din,7.13,307
urmă,5.47,369
tipărite,3.84,617
și,7.46,123
prin,6.29,311
ar,6.32,51
trebui,5.58,481
aibă,5.16,585
stil,4.99,183
un,6.99,400
,0.0,
Pentru,6.89,496
a,7.45,61
atenua,3.07,553
problemele,4.73,741
de,7.72,227
indexare,0.0,602
expresia,4.37,566
sizeof,0.0,564
este,6.93,287
utilizată,4.35,370
în,7.47,123
mod,5.57,1300
obișnuit,4.61,537
la,7.21,101
codificarea,0.0,1017
buclelor,0.0,832
care,6.9,557
procesează,3.09,554
arrayuri,0.0,474
,0.0,
Partea,5.71,1430
nordică,3.83,658
a,7.45,123
continentului,3.65,1150
care,6.9,557
acoperă,4.49,248
o,7.11,309
mare,6.17,308
parte,5.93,558
din,7.13,365
Siberia,3.74,1034
era,6.22,383
de,7.72,353
tundrei,0.0,1177
asemenea,5.79,801
inaccesibilă,0.0,1324
nomazilor,0.0,1456
stepă,3.13,1111
cauza,5.47,516
pădurilor,4.11,998
dense,3.27,577
și,7.46,125
,0.0,
Fonturile,0.0,874
decorative,4.1,1108
sunt,6.6,310
mai,6.99,186
potrivite,3.94,556
pentru,6.89,742
caractere,4.41,916
de,7.72,617
afișare,3.38,865
mai,6.99,493
mari,5.64,316
14,5.44,311
puțin,5.78,734
în,7.47,198
puncte,4.99,1118
timp,6.1,304
ce,6.72,255
caracterele,3.5,1312
simple,4.54,494
text,4.82,187
puncte,4.99,497
,0.0,
Aceste,5.63,369
diagrame,3.28,1174
trebuie,6.15,358
interpretate,3.92,716
ca,6.69,285
niște,5.41,333
hărți,3.91,552
topografice,3.19,679
unde,5.97,249
liniile,4.3,1120
reprezintă,5.38,1148
curbe,3.53,384
de,7.72,52
nivel,5.25,166
constante,3.86,314
A,7.45,62
fost,6.72,497
descoperită,4.08,800
de,7.72,125
goons,0.0,1674
și,7.46,123
alți,5.06,185
vorbitori,3.76,430
engleză,4.84,740
și,7.46,123
pentru,6.89,307
o,7.11,246
vreme,5.3,1242
postarea,0.0,1088
între,5.94,400
cele,6.14,349
două,6.0,200
limbi,4.62,384
a,7.45,167
înflorit,3.59,469
,0.0,
Respirația,4.01,617
de,7.72,317
salvare,4.34,984
este,6.93,184
utilizată,4.35,434
dacă,6.35,308
victima,4.37,558
nu,7.01,113
începe,5.3,701
să,7.14,168
respire,3.64,299
atunci,5.99,940
când,6.27,1239
se,6.77,63
deschid,4.29,1238
căile,4.2,437
respiratorii,3.86,1794
,0.0,
Ambele,5.03,1393
utilizează,4.58,1372
intensiv,3.59,679
funcțiile,4.43,748
matematice,3.75,1066
pentru,6.89,351
a,7.45,156
descrie,4.53,566
și,7.46,112
prezice,3.55,552
lucru,5.82,428
acest,6.02,446
continue,4.42,726
unor,5.72,435
sunt,6.6,345
fizice,4.69,909
fenomene,4.19,1177
care,6.9,350
supuse,4.06,952
schimbări,4.52,744
iar,6.2,168
necesită,4.55,1087
calculului,3.11,1349
utilizarea,4.87,747
,0.0,
Ei,6.12,187
au,6.75,184
lăsat,5.01,996
în,7.47,248
urmă,5.47,882
o,7.11,101
profeție,3.34,967
conform,5.53,359
căreia,4.86,1431
lumea,5.62,248
se,6.77,245
va,6.5,60
sfârși,3.65,485
la,7.21,181
21,5.2,199
decembrie,5.48,519
2012,4.81,1323
și,7.46,435
avea,5.98,249
loc,5.87,300
cel,6.17,115
deal,4.23,284
cincilea,3.92,335
ciclu,4.18,398
al,6.63,283
lumii,5.04,168
,0.0,
Unda,3.42,746
purtătoare,3.68,1148
este,6.93,284
filtrată,0.0,600
iar,6.2,233
un,6.99,217
difuzor,3.4,601
cântă,4.46,431
în,7.47,186
funcție,5.32,434
de,7.72,125
amplitudinea,3.03,2044
semnalului,3.51,879
,0.0,
Recomandăm,3.09,1326
această,5.93,500
licență,4.39,398
în,7.47,102
principal,5.11,1593
pentru,6.89,308
lucrări,5.07,848
al,6.63,217
căror,4.82,349
scop,4.84,382
este,6.93,202
de,7.72,269
instruire,3.91,2102
sau,6.41,547
referință,4.54,448
,0.0,
În,7.47,1200
loc,5.87,217
să,7.14,124
vă,6.06,517
bazați,3.01,1162
pe,7.06,300
faptul,5.36,1663
că,6.91,557
aceștia,5.15,488
au,6.75,186
shellul,0.0,675
potrivit,5.14,371
puteți,5.42,183
specifica,3.52,1345
pur,5.1,335
și,7.46,101
simplu,5.37,585
ce,6.72,124
shell,3.24,309
ar,6.32,122
trebui,5.58,371
folosească,4.51,901
din,7.13,1620
,0.0,
Întotdeauna,5.14,1856
patriot,3.65,678
Laurens,0.0,868
a,7.45,123
continuat,4.75,925
să,7.14,185
își,5.66,185
servească,3.68,592
națiunea,3.8,817
ca,6.69,168
unul,5.86,433
dintre,6.11,458
cei,5.76,1179
1782,2.99,1270
trei,5.81,186
reprezentanți,4.39,901
selectați,3.41,664
pentru,6.89,1228
negocia,3.62,373
condițiile,4.8,622
la,7.21,167
Conferința,4.42,1148
de,7.72,802
pace,4.95,269
Paris,4.87,369
din,7.13,434
,0.0,
Fiecare,5.78,308
parte,5.93,396
șia,0.0,232
determinat,4.56,1268
noii,4.62,215
parteneri,4.27,1124
să,7.14,186
se,6.77,369
alăture,3.99,1574
prin,6.29,266
oferirea,3.6,415
de,7.72,64
concesii,3.35,1175
teritoriale,4.55,978
În,7.47,61
încercarea,4.37,1235
de,7.72,217
a,7.45,61
îmbunătăți,3.97,1224
acuratețea,3.34,1465
armata,4.88,556
angajat,4.75,431
un,6.99,244
grup,5.18,272
mare,6.17,483
pentru,6.89,1104
diferențiale,0.0,860
continuu,4.46,653
calcula,3.67,846
matematicieni,3.05,1766
ecuațiile,3.04,615
necesare,4.78,437
rezolvarea,4.21,866
tabelelor,0.0,599
tragere,3.99,347
balistică,3.23,681
,0.0,
Capitolul,4.55,1098
al,6.63,102
doilea,5.22,217
investighează,3.56,1537
această,5.93,615
legătură,5.16,1247
puțin,5.78,282
mai,6.99,217
amănunțit,3.32,398
discutând,3.32,1178
gimnastica,3.42,677
mentală,3.77,682
a,7.45,115
rezolvării,3.23,749
problemelor,4.4,1112
,0.0,
Tabloul,4.14,899
clasic,4.44,183
Playfair,0.0,997
este,6.93,124
format,5.06,248
din,7.13,370
patru,5.46,620
alfabete,0.0,823
de,7.72,686
obicei,5.09,450
în,7.47,61
aranjament,3.81,1350
pătrat,4.04,1451
două,6.0,492
texte,4.46,245
clar,5.15,246
și,7.46,62
cifrate,0.0,747
,0.0,
Deoarece,5.45,552
un,6.99,515
singur,5.28,603
reflector,0.0,534
parabolic,0.0,1000
atinge,4.68,665
o,7.11,122
precizie,4.15,371
de,7.72,246
focalizare,3.17,1438
mai,6.99,551
mare,6.17,557
decât,5.9,601
ceea,5.91,285
temperatură,4.32,1494
orice,5.8,797
banc,3.45,806
oglinzi,3.75,809
focalizarea,0.0,851
este,6.93,282
folosită,4.67,673
pentru,6.89,495
a,7.45,123
permite,5.02,866
ridicată,4.62,649
ce,6.72,218
conversie,3.56,1662
foarte,6.14,851
eficientă,4.12,717
căldurii,3.74,1115
în,7.47,62
generator,3.75,1069
mecanică,4.04,1173
energie,4.91,493
acționa,3.94,474
electric,4.62,668
,0.0,
Teatrul,4.84,998
a,7.45,102
contribuit,4.45,667
cu,7.05,191
strigăte,3.34,738
dramatice,3.96,990
inclusiv,5.33,185
cele,6.14,250
ale,6.25,124
lui,6.47,371
Mary,4.71,247
Otis,3.42,432
Warren,4.14,820
,0.0,
Aproape,5.68,801
de,7.72,123
sfârșitul,5.16,672
războiului,4.51,1799
Germania,5.13,599
încearcă,5.0,384
să,7.14,266
lupte,4.64,202
pentru,6.89,364
o,7.11,125
ultimă,4.29,494
luptă,5.16,1165
Aliații,3.87,634
,0.0,
Oțelurile,0.0,1176
sunt,6.6,432
adesea,4.92,555
supuse,4.06,558
la,7.21,1050
o,7.11,101
varietate,4.37,1006
de,7.72,186
tratamente,3.9,867
termice,4.04,617
concepute,3.98,677
pentru,6.89,1303
a,7.45,617
produce,4.88,369
diverse,5.13,745
combinații,4.04,929
faze,4.04,374
stabile,3.78,496
și,7.46,186
metastabile,0.0,3101
ale,6.25,373
fierului,3.67,498
,0.0,
Până,6.09,301
în,7.47,231
anii,5.2,168
1960,4.39,433
tot,6.1,167
mai,6.99,355
multe,5.93,307
trimiteri,3.24,676
poștale,4.01,500
erau,5.53,184
francate,0.0,1679
cu,7.05,177
aparate,4.26,480
de,7.72,248
taxat,3.15,558
tradiționale,4.62,751
decât,5.9,619
timbre,3.48,333
adezive,0.0,750
,0.0,
Lucrarea,4.8,1125
combinată,3.75,884
trebuie,6.15,318
să,7.14,165
conțină,3.69,377
doar,6.14,248
un,6.99,186
singur,5.28,433
exemplar,3.98,370
al,6.63,62
prezentei,0.0,869
licențe,3.56,744
exemplar,3.98,2377
iar,6.2,310
secțiunile,3.65,616
invariabile,0.0,741
multiple,4.42,712
și,7.46,165
identice,4.03,1102
pot,6.07,234
fi,6.59,115
înlocuite,3.93,860
cu,7.05,122
,0.0,
În,7.47,311
timp,6.1,434
carnea,4.31,664
se,6.77,166
înmoaie,3.32,482
și,7.46,51
își,5.66,549
dezvoltă,4.53,536
mai,6.99,557
mult,6.2,248
gustul,4.23,681
iar,6.2,214
pentru,6.89,499
anumite,5.01,533
tipuri,4.88,832
învechire,0.0,904
carne,4.77,683
de,7.72,373
acest,6.02,542
proces,4.93,373
poate,6.31,151
fi,6.59,232
prelungit,3.96,883
cu,7.05,118
grijă,4.98,426
printrun,0.0,804
numit,5.05,430
,0.0,
James,4.99,559
a,7.45,100
fost,6.72,307
răsturnat,3.74,1942
din,7.13,189
punct,5.39,435
de,7.72,124
vedere,5.57,372
tehnic,4.55,431
reținut,4.24,1067
Parlament,4.53,1404
în,7.47,126
sânge,4.93,561
fără,5.95,436
Revoluția,4.34,992
Glorioasă,3.23,1241
din,7.13,245
1688,2.5,491
care,6.9,682
avut,5.88,118
loc,5.87,600
vărsare,3.53,907
,0.0,
Ca,6.69,318
și,7.46,417
în,7.47,63
cazul,5.39,62
creării,3.89,2008
de,7.72,316
tablouri,4.03,433
fără,5.95,701
alocare,3.24,1703
dinamică,3.93,664
programatorul,0.0,1651
trebuie,6.15,724
utiliza,4.13,1304
înainte,5.67,263
sensibile,3.77,1146
valori,4.66,953
tabloul,4.14,245
inițializeze,0.0,2237
cu,7.05,187
al,6.63,499
,0.0,
A,7.45,516
trăi,4.64,1527
complet,5.1,309
în,7.47,246
acest,6.02,373
mod,5.57,251
întro,0.0,611
societate,4.71,450
urbanizată,0.0,950
și,7.46,100
industrială,4.16,829
înseamnă,5.44,1240
a,7.45,61
te,6.1,124
periferie,3.31,632
la,7.21,165
retrage,4.27,550
,0.0,
Stăpânii,3.59,618
războiului,4.51,803
din,7.13,248
numeroasele,4.07,1259
provincii,3.61,683
ale,6.25,166
Chinei,4.1,619
se,6.77,178
dușmăneau,0.0,1304
în,7.47,61
mod,5.57,435
descentralizat,0.0,1590
era,6.22,303
guvernul,5.23,517
constant,4.52,1316
iar,6.2,218
central,4.85,927
slab,4.62,370
și,7.46,63
neputând,3.67,1535
face,6.08,248
nimic,5.56,309
pentru,6.89,1207
conflictul,4.23,582
opri,4.49,485
,0.0,
A,7.45,116
doua,5.51,1050
zi,5.83,116
în,7.47,431
timpul,5.8,493
Fajr,0.0,683
Salaah,0.0,868
la,7.21,249
înjunghiat,3.74,1608
pe,7.06,311
Sayyiduna,0.0,1111
Umar,3.44,431
radi,0.0,344
Allahu,0.0,642
anhu,0.0,435
grav,4.62,249
rănindul,0.0,494
spate,5.01,309
de,7.72,124
6,5.69,63
ori,5.64,123
calif,0.0,1436
,0.0,
Deoarece,5.45,1219
ideea,5.14,248
elementară,3.45,1051
de,7.72,122
funcții,4.78,250
este,6.93,497
mai,6.99,561
bine,6.02,314
înțeleasă,3.77,246
din,7.13,125
punct,5.39,307
vedere,5.57,743
continuare,4.85,547
în,7.47,344
vom,5.58,176
o,7.11,123
clasic,4.44,498
folosi,4.98,68
,0.0,
Această,5.93,333
problemă,5.08,748
a,7.45,116
agitat,3.74,309
teologii,3.29,620
și,7.46,118
filozofii,3.15,624
timp,6.1,1118
secole,4.34,411
de,7.72,124
nu,7.01,99
fost,6.72,201
niciodată,5.35,1250
satisfăcător,3.3,1046
în,7.47,252
rezolvată,3.78,743
mod,5.57,309
,0.0,
Dacă,6.35,225
este,6.93,497
posibil,5.22,310
găsiți,4.64,308
un,6.99,186
apicultor,0.0,775
din,7.13,114
zona,5.44,219
dumneavoastră,5.1,1728
care,6.9,246
ar,6.32,63
putea,5.91,309
fi,6.59,123
dispus,4.5,556
noului,4.65,826
timpul,5.8,725
vă,6.06,445
sau,6.41,279
ghideze,3.28,994
să,7.14,317
chiar,6.06,500
îndrume,3.02,1157
în,7.47,62
interes,4.89,1000
,0.0,
Deși,5.55,754
necesită,4.55,600
disciplină,4.08,600
este,6.93,275
extrem,4.88,371
de,7.72,115
important,5.37,742
să,7.14,129
se,6.77,101
lucreze,4.53,534
sistematic,3.96,601
în,7.47,648
sens,4.92,517
persoană,5.23,726
pentru,6.89,424
acestora,5.11,361
timp,6.1,1083
invers,4.28,700
epuizând,0.0,1703
toate,6.05,412
sursele,4.21,373
înregistrări,4.1,1118
fiecare,5.78,377
înainte,5.67,1002
a,7.45,216
ocupa,4.56,433
părinții,5.05,520
și,7.46,247
bunicii,4.19,370
,0.0,
Scoatețile,0.0,1861
prin,6.29,225
găurire,0.0,1749
folosind,4.85,352
,0.0,
Scoatețile,0.0,1623
prin,6.29,123
găurire,0.0,482
folosind,4.85,620
o,7.11,63
viteză,4.68,371
foarte,6.14,410
mică,5.26,218
de,7.72,314
sau,6.41,369
utilizați,3.88,488
unealtă,3.69,682
extragere,3.39,564
șuruburilor,0.0,1370
pentru,6.89,434
șuruburile,0.0,1504
blocate,3.81,620
,0.0,
Pe,7.06,1057
lângă,5.43,776
faptul,5.36,433
că,6.91,101
a,7.45,114
fost,6.72,1299
regină,4.36,383
Regatului,4.09,789
Unit,4.45,244
al,6.63,434
Marii,4.9,249
Britanii,4.24,431
și,7.46,187
Irlandei,3.7,399
primul,5.73,669
monarh,3.3,555
care,6.9,185
folosit,5.22,185
titlul,5.0,307
de,7.72,290
Împărăteasă,3.16,486
Indiei,3.62,502
,0.0,
Adesea,4.92,991
paginile,4.14,559
de,7.72,123
discuții,4.27,1246
ale,6.25,153
subiectelor,3.29,999
controversate,3.8,702
pot,6.07,308
fi,6.59,311
foarte,6.14,186
intens,4.31,369
utilizate,4.77,1255
,0.0,
Elementul,4.19,1726
central,4.85,327
al,6.63,105
mănăstirii,4.41,1182
renovate,3.21,1308
a,7.45,63
fost,6.72,246
un,6.99,122
altar,4.07,187
dedicat,4.69,310
lui,6.47,332
Edward,4.47,268
,0.0,
Mulți,5.44,1150
protiști,0.0,1922
de,7.72,434
apă,5.49,309
dulce,4.61,370
au,6.75,123
vacuole,0.0,1474
contractile,0.0,1630
care,6.9,309
pompează,0.0,866
excesul,3.45,869
din,7.13,248
interiorul,4.92,1792
menținând,3.45,1166
celulă,4.1,809
astfel,5.83,572
o,7.11,61
concentrație,3.79,1675
adecvată,3.81,495
ioni,3.33,248
și,7.46,373
molecule,3.59,620
în,7.47,308
celulei,3.48,559
,0.0,
Prin,6.29,557
urmare,5.3,484
indiferent,4.91,1381
cât,5.98,179
de,7.72,462
mult,6.2,664
argou,0.0,561
folosiți,4.26,555
în,7.47,122
limba,5.36,353
dvs,5.29,372
maternă,4.1,732
limitarea,3.76,469
utilizării,4.1,1295
argoului,0.0,679
franceză,4.64,817
proporțional,3.73,1190
cu,7.05,65
nivelul,5.07,622
fluență,0.0,429
va,6.5,61
limita,4.64,1029
ascultătorii,3.12,1877
asemenea,5.79,892
sunteți,5.06,1499
tratat,4.45,318
condescendență,0.0,3384
și,7.46,544
râsul,3.75,316
către,6.0,600
nativi,3.55,267
,0.0,
Dacă,6.35,864
nu,7.01,622
masați,0.0,933
ușor,5.42,331
mușchiul,3.47,1574
înghesuit,3.26,739
puteți,5.42,434
încerca,4.77,772
de,7.72,116
asemenea,5.79,567
să,7.14,232
aplicați,0.0,953
gheață,4.5,682
,0.0,
Analizatorul,0.0,1938
lexical,0.0,1099
este,6.93,477
partea,5.71,375
din,7.13,368
compilator,0.0,993
care,6.9,496
elimină,3.84,555
spațiile,3.98,370
albe,4.55,1395
și,7.46,52
alte,5.9,1114
caractere,4.41,1234
necompilabile,0.0,2170
codul,4.88,529
sursă,4.77,500
,0.0,
Atunci,5.99,1177
când,6.27,313
un,6.99,167
text,4.82,116
nu,7.01,517
susține,4.87,1244
această,5.93,308
regulă,4.74,1056
chiar,6.06,248
și,7.46,243
elev,4.24,267
sârguincios,0.0,2394
este,6.93,371
nevoit,4.39,621
materialul,4.48,1340
inutil,4.1,885
repete,3.7,582
să,7.14,168
,0.0,
Cu,7.05,311
toate,6.05,311
acestea,5.61,433
Washingtonul,3.14,1181
a,7.45,124
devenit,5.33,632
foarte,6.14,334
îngrijorat,3.8,989
de,7.72,373
faptul,5.36,311
că,6.91,61
partidele,4.23,1214
sfârșitul,5.16,695
Franța,4.99,421
câștiga,4.6,644
ar,6.32,255
locale,5.15,1231
comuniste,4.35,951
putea,5.91,369
puterea,5.09,616
în,7.47,123
Italia,4.99,433
și,7.46,60
Grecia,4.7,490
la,7.21,123
anilor,4.83,584
postbelice,3.07,750
europene,5.22,1327
economiei,4.49,912
precară,3.71,1526
starea,4.75,575
vedere,5.57,830
având,5.42,562
1940,4.22,1637
apropierea,4.73,2039
Uniunii,5.05,628
Sovietice,4.33,310
,0.0,
După,6.35,550
război,5.21,317
Hitler,4.42,367
a,7.45,66
rămas,5.27,392
în,7.47,100
armată,4.75,373
și,7.46,122
după,6.35,309
ce,6.72,124
primit,5.43,495
cursuri,4.64,681
informații,5.14,724
partidele,4.23,564
infiltrarea,0.0,749
însărcinat,3.62,1544
oratorie,0.0,1305
devenit,5.33,367
ofițer,4.77,399
de,7.72,501
cu,7.05,184
politice,5.14,1349
raportarea,3.3,620
către,6.0,247
superiorii,3.27,616
săi,5.14,184
privire,5.07,367
la,7.21,63
activitățile,4.5,555
acestora,5.11,678
,0.0,
În,7.47,1216
aceste,5.63,333
cazuri,4.88,1007
rolul,5.09,369
agentului,3.81,668
de,7.72,229
punere,3.62,1211
în,7.47,124
aplicare,4.36,1046
este,6.93,306
a,7.45,185
furniza,3.84,491
inputurile,0.0,1115
inclusiv,5.33,492
bază,5.21,557
dar,6.46,215
numai,5.69,1813
capitalul,3.91,739
care,6.9,435
va,6.5,167
da,5.62,368
startul,3.85,442
proiectului,4.92,685
și,7.46,232
permite,5.02,560
plecarea,4.35,680
după,6.35,559
impuls,3.9,1152
propriul,4.71,1463
continue,4.42,783
să,7.14,247
acestuia,5.3,742
sub,5.85,250
aplicare,4.36,433
,0.0,
În,7.47,435
general,5.54,1220
le,6.31,100
este,6.93,600
mai,6.99,294
bine,6.02,309
să,7.14,60
își,5.66,123
folosească,4.51,805
Neul,0.0,1914
precum,5.8,450
și,7.46,293
capacitățile,3.73,932
de,7.72,494
ale,6.25,1174
raționament,3.41,934
lui,6.47,1026
Ti,4.91,101
pentru,6.89,800
a,7.45,65
afla,5.16,407
adevărul,4.93,682
decât,5.9,499
se,6.77,62
bazeze,3.52,309
pe,7.06,184
tradițiile,4.16,1049
Si,6.56,399
,0.0,
Este,6.93,248
posibil,5.22,494
ca,6.69,51
unele,5.49,51
părți,4.99,667
să,7.14,547
nu,7.01,186
fie,6.13,187
consumate,3.66,1686
niciodată,5.35,801
iar,6.2,768
altele,5.08,526
sunt,6.6,249
procesate,3.13,862
suplimentare,4.48,1890
mod,5.57,638
în,7.47,124
normal,5.04,599
și,7.46,201
carne,4.77,818
cușer,0.0,682
Statele,5.09,684
Unite,5.09,391
din,7.13,168
cauza,5.47,282
muncii,4.76,499
care,6.9,372
implică,4.59,372
,0.0,
Două,6.0,699
sau,6.41,547
mai,6.99,284
multe,5.93,383
state,4.85,356
nu,7.01,184
vor,6.05,372
încheia,3.97,497
niciun,5.12,557
tratat,4.45,300
confederație,0.0,783
alianță,4.03,699
între,5.94,436
reunit,3.92,743
și,7.46,123
se,6.77,374
ele,5.43,620
fără,5.95,247
consimțământul,3.67,2901
Statelor,4.77,818
Unite,5.09,715
în,7.47,186
Congresul,4.25,1663
specificând,0.0,983
cu,7.05,102
exactitate,3.76,1624
acestuia,5.3,868
durata,4.64,822
încheie,4.51,870
pentru,6.89,1158
scopurile,3.74,1188
care,6.9,538
de,7.72,280
valabilitate,3.14,951
a,7.45,51
,0.0,
Până,6.09,232
la,7.21,384
începutul,5.2,500
secolului,4.83,1137
al,6.63,435
XIXlea,0.0,1011
naturaliștii,0.0,1033
și,7.46,168
oamenii,5.58,794
de,7.72,122
știință,4.78,619
au,6.75,61
observat,4.75,614
cei,5.76,344
proveneau,3.35,593
între,5.94,592
esențiale,4.27,1072
diferențe,4.21,749
compușii,3.15,740
care,6.9,482
din,7.13,218
ființe,4.22,383
vii,5.07,448
nu,7.01,1291
vii,5.07,167
,0.0,
A,7.45,151
avut,5.88,318
un,6.99,525
dosar,4.34,432
de,7.72,165
serviciu,4.94,1555
exemplar,3.98,652
și,7.46,247
a,7.45,125
primit,5.43,574
prestigioasa,3.28,1060
Cruce,4.55,310
Fier,4.61,310
atât,5.86,767
clasa,5.02,335
cât,5.98,701
IIa,0.0,308
obținut,5.04,494
asemenea,5.79,432
gradul,4.72,475
caporal,3.42,334
,0.0,
În,7.47,268
etapa,4.63,414
finală,4.79,812
unul,5.86,123
dintre,6.11,557
hidrogenii,0.0,1113
moleculei,0.0,1429
de,7.72,681
apă,5.49,234
legată,4.55,1198
este,6.93,244
atacat,4.72,554
o,7.11,167
altă,5.43,751
moleculă,3.14,1258
apă,5.49,246
lăsând,4.33,430
un,6.99,668
alcool,4.37,333
,0.0,
Este,6.93,805
important,5.37,435
ca,6.69,310
atunci,5.99,739
când,6.27,316
planificați,0.0,783
o,7.11,101
lecție,4.27,490
de,7.72,183
învățare,4.0,685
mixtă,3.76,554
în,7.47,187
clasele,4.3,433
primare,4.19,1183
vă,6.06,173
să,7.14,115
concentrați,3.61,680
pe,7.06,186
unitate,4.74,309
studiu,4.88,514
apoi,5.76,334
împletiți,0.0,650
cu,7.05,115
tehnologia,4.46,831
,0.0,
Cele,6.14,246
mai,6.99,186
multe,5.93,372
interogări,0.0,927
DNS,3.12,496
cum,6.28,556
fi,6.59,185
cererile,3.94,559
de,7.72,746
rezolvare,3.78,572
a,7.45,284
numelui,4.22,881
utilizează,4.58,672
mică,5.26,646
sarcină,4.32,1123
deoarece,5.45,680
UDP,0.0,757
conexiuni,3.82,1601
cantitatea,4.38,1767
date,5.38,874
transferate,3.87,685
este,6.93,217
iar,6.2,282
stabilirea,4.47,1051
nume,5.32,1481
sesiunii,3.3,1114
ar,6.32,151
introduce,4.26,583
un,6.99,217
trafic,4.39,398
și,7.46,186
o,7.11,123
inutile,3.87,2381
asupra,5.67,764
serverelor,0.0,744
,0.0,
Unii,5.15,851
elevi,4.51,352
consideră,4.98,625
că,6.91,248
ablativul,0.0,685
este,6.93,184
dificil,4.65,434
deoarece,5.45,495
uneori,5.17,494
seamănă,4.34,492
cu,7.05,309
nominativul,0.0,1367
singular,3.66,818
dativul,0.0,370
plural,3.62,310
sau,6.41,309
niciunul,4.26,375
dintre,6.11,308
acestea,5.61,233
sămânța,3.54,233
,0.0,
La,7.21,351
multe,5.93,266
specii,4.45,526
anuale,4.26,681
în,7.47,123
condiții,4.87,678
nefavorabile,3.64,942
de,7.72,168
uscăciune,0.0,483
sau,6.41,215
frig,4.38,117
există,5.67,350
doar,6.14,929
sămânța,3.54,802
,0.0,
Cu,7.05,300
toate,6.05,217
acestea,5.61,415
ploile,3.51,530
abundente,3.77,739
și,7.46,185
persistente,3.38,1590
furtunile,3.31,833
pot,6.07,235
provoca,4.16,663
inundații,3.9,1470
ploi,3.8,735
cauzată,4.11,783
gravă,4.15,1317
înnămolire,0.0,1332
a,7.45,124
solului,4.12,493
precum,5.8,494
eroziune,3.2,1106
de,7.72,311
,0.0,
Pierderea,4.48,1148
în,7.47,101
greutate,4.54,282
necesită,4.55,434
ca,6.69,116
aportul,3.78,481
de,7.72,1049
calorii,3.38,496
să,7.14,51
fie,6.13,116
mai,6.99,125
mic,5.33,495
decât,5.9,184
producția,4.73,522
calorii,3.38,961
deși,5.55,248
niciuna,4.03,310
dintre,6.11,310
acestea,5.61,185
nu,7.01,61
trebuie,6.15,725
făcută,4.73,350
la,7.21,51
extrem,4.88,283
,0.0,
Printre,5.5,642
aceste,5.63,744
tehnologii,4.28,866
se,6.77,249
număra,3.8,1495
fisiunea,0.0,1700
nucleară,4.01,1266
care,6.9,249
constă,4.65,382
în,7.47,215
divizarea,3.32,1060
unui,5.99,497
zece,5.0,887
atom,3.57,1090
foarte,6.14,367
electronegativ,0.0,4049
atomi,3.36,368
mai,6.99,402
mici,5.35,415
și,7.46,125
produce,4.88,682
energie,4.91,679
de,7.72,284
ori,5.64,499
mare,6.17,595
,0.0,
Majoritatea,5.22,1753
algelor,0.0,1134
marine,3.96,317
cum,6.28,126
ar,6.32,310
fi,6.59,61
kelps,0.0,990
alge,3.54,184
brune,3.01,370
foarte,6.14,755
mari,5.64,152
din,7.13,249
ordinul,4.85,599
superficiale,3.56,796
unei,5.96,949
ciuda,4.85,623
Laminariales,0.0,1934
în,7.47,126
aparențe,3.11,1360
nu,7.01,184
au,6.75,496
tulpini,3.5,374
adevărate,4.34,618
frunze,4.44,680
superioare,4.59,615
găsește,4.92,495
sistem,5.25,462
de,7.72,407
fel,5.75,309
nici,6.01,248
rădăcini,4.09,746
și,7.46,61
un,6.99,309
vascular,3.75,1267
așa,6.04,115
se,6.77,187
la,7.21,124
plantele,4.1,493
,0.0,
În,7.47,681
calitate,5.07,247
de,7.72,186
guvernator,4.19,1490
a,7.45,218
urmat,4.97,310
o,7.11,64
politică,5.27,997
atât,5.86,217
strictă,3.82,267
numi,4.29,1121
în,7.47,63
funcții,4.78,432
doar,6.14,733
America,4.92,935
colegi,4.2,1150
republicani,3.33,585
încât,5.13,807
devenit,5.33,492
părintele,4.45,800
sistemului,4.96,802
sporuri,0.0,491
din,7.13,186
,0.0,
Oficialii,3.97,2365
britanici,4.01,749
din,7.13,186
domeniul,5.22,671
comerțului,4.42,664
au,6.75,185
considerat,4.9,1529
că,6.91,545
prima,5.81,700
prioritate,4.01,667
popularea,0.0,1204
zonelor,4.11,874
recent,4.7,573
securizate,3.08,1702
Canada,4.47,616
Florida,4.3,682
cu,7.05,247
referire,4.54,568
la,7.21,333
Tratatul,4.18,599
de,7.72,200
patria,4.14,1245
comerț,4.55,296
facă,5.51,807
Paris,4.87,1110
unde,5.97,126
se,6.77,733
putea,5.91,233
aștepta,4.54,483
în,7.47,50
mod,5.57,51
rezonabil,3.96,780
ca,6.69,125
coloniștii,3.19,615
să,7.14,63
cu,7.05,186
mamă,4.82,870
,0.0,
Unele,5.49,1356
dintre,6.11,217
aceste,5.63,916
variații,3.68,418
se,6.77,298
referă,4.69,250
la,7.21,1084
comisioane,3.46,968
protecția,4.57,680
împotriva,5.5,735
descoperirilor,3.31,2213
curente,4.16,1222
de,7.72,249
cont,4.78,372
soldurile,0.0,977
minime,3.87,453
legăturile,4.12,768
permise,3.67,1291
între,5.94,371
conturi,3.86,1016
de,7.72,287
exemplu,5.43,649
și,7.46,283
economii,3.87,332
regulile,4.57,604
deschidere,4.37,1054
a,7.45,435
contului,3.28,185
,0.0,
Liniile,4.3,1052
rigide,3.53,495
sunt,6.6,311
adesea,4.92,492
realizate,4.91,890
pentru,6.89,634
a,7.45,62
fi,6.59,51
presurizate,0.0,1194
cu,7.05,61
azot,3.77,311
sau,6.41,306
aer,5.11,186
deshidratat,0.0,1908
mii,5.04,1357
generate,3.98,1004
temperaturile,3.96,1369
în,7.47,122
energie,4.91,1263
wați,0.0,535
de,7.72,166
care,6.9,307
asigură,4.53,431
un,6.99,249
dielectric,0.0,2767
excelent,4.51,1454
chiar,6.06,376
și,7.46,189
la,7.21,63
ridicate,4.5,500
special,5.47,1306
timpul,5.8,513
căldurii,3.74,535
intense,3.97,482
vară,4.99,252
soarelui,4.63,373
,0.0,
Cu,7.05,498
toate,6.05,599
acestea,5.61,650
în,7.47,218
general,5.54,704
este,6.93,188
necesar,4.75,1303
să,7.14,184
se,6.77,245
aplice,3.66,374
aceste,5.63,433
legi,4.57,122
la,7.21,186
un,6.99,186
volum,4.77,369
de,7.72,819
control,4.99,699
infinitezimal,0.0,1595
apoi,5.76,371
utilizeze,3.86,554
ecuațiile,3.04,836
diferențiale,0.0,1160
rezultate,4.89,493
,0.0,
Aceste,5.63,1643
stiluri,4.0,449
de,7.72,49
pachete,3.91,803
nu,7.01,62
se,6.77,61
descurcă,3.75,1180
bine,6.02,310
împotriva,5.5,463
pachetelor,3.4,833
cu,7.05,152
orice,5.8,166
tip,5.41,1512
dezorganizare,0.0,1487
sau,6.41,267
control,4.99,500
așa,6.04,183
că,6.91,101
în,7.47,166
prezent,5.4,576
văd,5.16,251
prea,5.66,127
mult,6.2,315
,0.0,
Din,7.13,334
cauza,5.47,366
faptului,4.87,633
că,6.91,116
aparatul,4.4,1299
său,5.66,334
de,7.72,291
împerechere,3.43,2113
este,6.93,50
ghimpat,0.0,714
asemănător,4.23,987
cu,7.05,310
corpul,4.95,545
smuls,3.67,469
acesta,5.7,544
muncitor,3.96,797
unui,5.99,412
înțepătura,0.0,1517
va,6.5,300
fi,6.59,123
din,7.13,317
după,6.35,1080
împerechere,3.43,1532
iar,6.2,488
spre,5.8,202
cădea,4.17,782
pământ,5.12,627
singurul,4.99,494
rezultat,4.88,683
posibil,5.22,247
moartea,5.2,643
,0.0,
Romanii,4.2,1019
care,6.9,743
au,6.75,247
folosit,5.22,553
inițial,4.88,246
acest,6.02,392
stil,4.99,666
lau,3.01,234
considerat,4.9,532
greoi,3.3,328
și,7.46,334
greu,5.41,370
de,7.72,62
manevrat,3.23,1224
pe,7.06,187
muntoasă,3.05,2678
terenul,4.44,1638
accidentat,3.86,1641
al,6.63,608
Italiei,4.22,307
Pe,7.06,65
lângă,5.43,248
,0.0,
Pe,7.06,310
lângă,5.43,434
vocabularul,3.56,742
nou,5.76,300
ar,6.32,165
trebui,5.58,717
să,7.14,100
vă,6.06,1110
uitați,4.44,372
și,7.46,249
la,7.21,309
modul,4.93,248
în,7.47,494
care,6.9,601
se,6.77,101
conjugă,0.0,699
verbele,0.0,1169
funcție,5.32,372
de,7.72,123
subiectul,4.48,437
propoziției,0.0,370
,0.0,
Cu,7.05,465
dimensiuni,4.79,850
variate,4.18,560
de,7.72,235
la,7.21,125
lacuri,3.91,867
mari,5.64,349
și,7.46,117
văi,3.56,368
închise,4.34,416
iazuri,3.02,1552
îngropată,3.59,1711
lăsate,3.92,2092
urmă,5.47,498
miniatură,3.48,849
aceste,5.63,550
depresiuni,3.15,1609
au,6.75,125
fost,6.72,184
gheața,3.71,550
care,6.9,217
sa,6.39,233
topit,3.76,266
în,7.47,216
cele,6.14,683
din,7.13,417
,0.0,
Formarea,4.71,1031
acestui,5.24,1235
intermediar,3.88,1618
cea,5.96,261
reacția,4.37,1083
în,7.47,368
au,6.75,743
ulterioară,4.08,1053
general,5.54,565
o,7.11,52
barieră,3.73,849
de,7.72,63
energie,4.91,803
directă,4.56,545
necesară,4.66,932
decât,5.9,706
mică,5.26,228
mult,6.2,430
activare,3.42,1129
mai,6.99,117
pentru,6.89,1127
transformare,4.16,2871
a,7.45,494
reactanților,0.0,1537
produși,3.29,776
,0.0,
Acordurile,3.67,2434
dvs,5.29,368
juridice,4.43,617
ar,6.32,314
trebui,5.58,315
să,7.14,217
treacă,4.67,1351
prin,6.29,166
mai,6.99,602
multe,5.93,867
iterații,0.0,431
în,7.47,186
procesul,5.0,679
de,7.72,124
lizibilitatea,0.0,2933
simplificând,0.0,827
fiecare,5.78,376
redactare,3.33,804
iterație,0.0,274
termenii,4.25,434
și,7.46,67
îmbunătățind,0.0,965
utilizabilitatea,0.0,2597
acestora,5.11,995
,0.0,
Tot,6.1,384
ceea,5.91,116
ce,6.72,166
studiați,3.13,741
este,6.93,123
conceput,4.4,743
pentru,6.89,391
a,7.45,124
vă,6.06,184
pregăti,3.99,370
sinteze,3.29,501
organice,4.06,1890
și,7.46,61
alte,5.9,1449
transformări,3.8,2248
chimice,4.44,483
efectuate,4.57,1542
laborator,4.41,1370
rezultatele,4.67,994
,0.0,
Vă,6.06,247
va,6.5,188
duce,5.45,306
la,7.21,58
pagina,4.86,484
care,6.9,384
corespunde,4.26,966
cererii,3.91,672
dumneavoastră,5.1,1484
în,7.47,184
caz,5.37,311
contrar,4.11,619
afișa,3.38,1049
rezultatele,4.67,1238
căutării,3.37,805
,0.0,
Descrierea,4.36,1743
configurației,0.0,1706
relative,3.54,551
este,6.93,532
încă,5.73,448
utilizată,4.35,371
în,7.47,125
principal,5.11,808
glicochimie,0.0,1801
,0.0,
Acestea,5.61,806
transformă,4.42,929
,0.0,
Acestea,5.61,814
transformă,4.42,883
energia,4.6,483
solară,4.09,471
în,7.47,246
energie,4.91,679
chimică,3.98,789
prin,6.29,1266
absorbția,3.66,667
luminii,4.38,496
solare,4.25,740
și,7.46,186
utilizarea,4.87,954
acesteia,5.05,552
pentru,6.89,1066
a,7.45,300
stimula,3.41,991
sinteza,3.95,494
compușilor,3.11,815
organici,3.4,1132
cum,6.28,217
ar,6.32,116
fi,6.59,124
zahărul,3.47,990
din,7.13,188
carbon,4.28,497
dioxid,3.63,562
de,7.72,61
apă,5.49,124
,0.0,
Aceasta,5.66,1865
include,4.97,124
predarea,3.93,2234
practica,4.41,1307
generală,4.97,993
a,7.45,1643
medicinei,3.78,550
cercetarea,4.47,976
medicală,4.59,803
misionară,3.44,1359
antreprenoriatul,0.0,2689
religioase,4.62,1361
domeniile,4.4,805
munca,5.04,466
socială,4.88,386
dezvoltarea,5.1,666
coachingul,0.0,734
consilierea,3.07,526
publice,5.11,367
corporatistă,0.0,1405
formarea,4.71,911
comunitară,3.98,1182
artele,3.77,308
creative,3.94,370
actoria,3.09,684
radiodifuziunea,0.0,1266
consultanța,0.0,481
relațiile,4.75,449
publicitatea,3.54,434
și,7.46,62
marketingul,3.42,685
safanin,0.0,117
,0.0,
Clătirea,0.0,1904
cu,7.05,493
alcool,4.37,247
nu,7.01,123
îndepărtează,4.02,1231
cristalul,3.13,702
violet,4.02,366
care,6.9,740
maschează,0.0,1042
colorantul,0.0,1045
roșu,4.83,1810
adăugat,4.61,2265
safanin,0.0,2313
,0.0,
De,7.72,499
asemenea,5.79,601
a,7.45,268
fost,6.72,268
responsabil,4.63,1115
de,7.72,166
contrabandă,3.79,847
cu,7.05,102
droguri,4.51,733
și,7.46,122
crime,4.41,383
mituit,0.0,805
atât,5.86,558
poliția,4.83,309
cât,5.98,186
politicieni,4.4,552
importanți,4.42,685
,0.0,
Un,6.99,167
astfel,5.83,468
de,7.72,188
acces,4.77,123
ar,6.32,1057
putea,5.91,310
fi,6.59,123
utilizat,4.78,381
pentru,6.89,167
autentificarea,0.0,1153
la,7.21,62
conectare,3.38,1181
crearea,4.85,1836
unui,5.99,1201
recuperate,3.64,51
Un,6.99,283
nou,5.76,848
cont,4.78,62
de,7.72,65
utilizator,4.02,554
sau,6.41,308
salvarea,4.22,293
informații,5.14,517
textuale,0.0,633
pentru,6.89,435
a,7.45,66
fi,6.59,116
recuperate,3.64,712
și,7.46,1364
studiate,3.73,774
în,7.47,101
viitor,4.93,416
,0.0,
Eroul,4.13,1379
fost,6.72,465
apoi,5.76,50
chemat,4.55,785
să,7.14,122
participe,4.38,682
la,7.21,624
cel,6.17,125
deal,4.23,249
doilea,5.22,2102
rit,3.52,624
al,6.63,432
cuceririi,3.06,1017
învingândul,0.0,1631
Claudius,3.25,929
mercenar,3.31,863
generalul,4.6,556
pe,7.06,371
,0.0,
Au,6.75,435
produs,5.21,1231
,0.0,
Au,6.75,185
produs,5.21,123
peste,5.78,371
90,4.61,239
din,7.13,150
filmele,4.45,400
de,7.72,133
ficțiune,3.95,783
America,4.92,1291
și,7.46,311
șiau,0.0,622
distribuit,4.02,1458
atât,5.86,339
internațional,5.22,926
național,5.6,554
nivel,5.25,124
la,7.21,249
cât,5.98,64
,0.0,
În,7.47,495
schimb,5.1,187
trece,5.13,1056
imediat,5.22,496
la,7.21,62
biții,0.0,371
de,7.72,62
oprire,4.08,832
ceea,5.91,385
ce,6.72,184
reprezintă,5.38,999
o,7.11,257
recunoaștere,4.27,1551
a,7.45,593
faptului,4.87,1265
că,6.91,562
verificarea,3.79,1872
parității,0.0,2081
acest,6.02,247
nivel,5.25,556
este,6.93,370
cu,7.05,184
adevărat,5.32,434
inutilă,3.78,182
,0.0,
Am,6.63,765
discutat,4.63,413
deja,5.59,372
despre,6.22,1182
unele,5.49,450
dintre,6.11,186
acestea,5.61,734
însă,5.64,333
cunoașterea,4.3,1001
seturilor,0.0,743
adaugă,4.51,1641
nouă,5.36,600
definiție,4.1,692
pentru,6.89,492
fiecare,5.78,308
următoarele,5.14,1137
idei,4.56,268
În,7.47,61
cele,6.14,374
din,7.13,122
urmă,5.47,126
studiul,4.67,375
a,7.45,217
analizat,3.88,494
conversia,3.54,599
fosfolipidelor,0.0,3468
bogate,4.32,1149
în,7.47,350
polinesaturate,0.0,3619
C,5.51,64
fosfolipazei,0.0,2865
triacilgliceride,0.0,4063
prin,6.29,356
intermediul,4.95,783
unei,5.96,448
căi,4.37,335
,0.0,
Exercițiile,3.44,1234
și,7.46,165
secțiunile,3.65,713
de,7.72,730
recapitulare,0.0,868
contribuie,4.34,909
în,7.47,116
mod,5.57,367
ideal,4.17,349
la,7.21,101
un,6.99,232
model,4.94,401
conceput,4.4,686
repetiție,3.57,1053
formarea,4.71,247
,0.0,
Condițiile,4.8,1881
de,7.72,62
mediu,5.15,1005
cum,6.28,560
ar,6.32,249
fi,6.59,62
curentul,4.21,868
sau,6.41,124
gradienții,0.0,1184
temperatură,4.32,2014
determină,4.52,1784
două,6.0,298
formarea,4.71,2170
a,7.45,247
bule,3.5,654
care,6.9,231
conțin,4.61,318
concentrații,3.39,1075
similare,4.64,556
materiale,4.92,492
,0.0,
Lentilele,3.31,1316
cu,7.05,284
zoom,3.62,407
motorizate,0.0,950
controlate,4.06,1057
electronic,4.43,794
sunt,6.6,1067
amplasate,4.14,1198
ambele,5.03,721
atât,5.86,116
pe,7.06,564
lentile,3.67,429
cameră,4.86,1798
să,7.14,374
astfel,5.83,188
între,5.94,554
sincronizate,0.0,1402
proiector,3.01,659
cât,5.98,123
și,7.46,124
ele,5.43,184
încât,5.13,308
moment,5.47,496
mărească,3.35,1177
împreună,5.59,495
la,7.21,124
aceeași,5.24,369
distanță,4.85,311
focală,0.0,309
în,7.47,124
orice,5.8,245
Cu,7.05,50
toate,6.05,366
acestea,5.61,370
atenuarea,3.27,682
nu,7.01,246
poate,6.31,371
merge,5.16,648
decât,5.9,266
până,6.09,268
la,7.21,167
nivelul,5.07,232
plasticii,0.0,612
sinaptice,0.0,804
aspectele,4.11,808
neurobiologice,0.0,1673
corticale,0.0,690
a,7.45,67
creierului,4.16,432
deoarece,5.45,268
gravitatea,3.59,810
ADHD,3.39,310
depinde,4.77,621
în,7.47,123
principal,5.11,554
de,7.72,430
,0.0,
Configurația,3.6,983
poate,6.31,234
fi,6.59,168
de,7.72,116
asemenea,5.79,489
atribuită,3.67,621
pe,7.06,248
baza,5.43,185
pur,5.1,183
empirică,3.07,425
a,7.45,116
activității,4.67,334
optice,3.65,332
,0.0,
Adaugă,4.51,1924
un,6.99,124
buton,4.08,233
bara,3.95,334
de,7.72,115
instrumente,4.62,866
editare,3.86,495
din,7.13,118
editorul,3.68,632
surse,4.92,424
încât,5.13,493
legături,4.41,446
utilizatorilor,4.01,834
convenabil,3.88,906
cel,6.17,312
este,6.93,166
mai,6.99,310
pentru,6.89,365
paginile,4.14,834
discuții,4.27,1476
dacă,6.35,648
ale,6.25,372
cu,7.05,216
roșii,4.68,615
economisi,3.46,490
poate,6.31,248
dar,6.46,249
clic,3.49,62
sau,6.41,184
două,6.0,245
și,7.46,124
în,7.47,61
alte,5.9,185
cazuri,4.88,278
chiar,6.06,168
nu,7.01,101
la,7.21,51
fel,5.75,650
Twinkle,0.0,546
ca,6.69,177
rapid,5.02,338
,0.0,
Încurajat,4.02,916
de,7.72,62
susținătorii,3.84,670
din,7.13,187
sud,5.16,62
mulți,5.44,249
dintre,6.11,185
ei,6.12,124
iau,4.94,184
trimis,5.04,249
lui,6.47,61
Brooks,3.81,245
bastoane,0.0,551
noi,6.14,216
în,7.47,818
semn,4.88,604
aprobare,3.75,558
acțiunilor,4.26,370
sale,5.66,309
sa,6.39,61
întors,4.9,186
după,6.35,282
o,7.11,383
realegere,0.0,1146
răsunătoare,3.14,1261
,0.0,
El,6.13,612
crede,4.97,233
că,6.91,652
ei,6.12,51
exprimă,4.43,482
aceleași,4.57,851
preocupări,3.86,537
pe,7.06,186
care,6.9,372
le,6.31,62
simte,4.7,306
și,7.46,125
el,6.13,796
dar,6.46,101
întrun,0.0,267
mod,5.57,800
el,6.13,878
diferit,4.7,432
este,6.93,310
obligat,4.43,308
moral,4.15,721
să,7.14,118
tolereze,0.0,950
pentru,6.89,401
sunt,6.6,125
mai,6.99,495
slabi,3.94,122
decât,5.9,434
împărțiți,3.66,311
electronilor,0.0,123
,0.0,
Chimia,3.51,1548
organică,3.9,851
se,6.77,284
concentrează,4.21,821
asupra,5.67,312
carbonului,0.0,433
și,7.46,66
urmărește,4.54,498
mișcarea,4.63,534
în,7.47,294
precum,5.8,1381
inelele,3.45,1299
electronilor,0.0,1562
lanțurile,3.49,371
de,7.72,166
carbon,4.28,623
modul,4.93,248
care,6.9,420
electronii,0.0,834
sunt,6.6,816
atomi,3.36,334
alți,5.06,587
cu,7.05,111
împărțiți,3.66,1485
carbon,4.28,301
heteroatomi,0.0,616
,0.0,
La,7.21,1091
sfârșitul,5.16,435
secvenței,0.0,1429
o,7.11,186
racletă,0.0,307
îndepărtează,4.02,1238
tonerul,0.0,776
rămas,5.27,384
pe,7.06,65
tambur,3.17,434
și,7.46,101
întregul,4.51,817
proces,4.93,681
se,6.77,63
repetă,4.14,496
cu,7.05,61
nouă,5.36,344
imagine,4.74,66
descris,4.33,557
,0.0,
Urmăriți,4.21,900
câinele,4.12,615
pentru,6.89,465
a,7.45,62
vă,6.06,51
asigura,4.61,781
că,6.91,186
nu,7.01,123
scuipă,3.3,184
pastila,3.2,433
după,6.35,183
ce,6.72,184
mâncat,4.38,430
așa,6.04,117
forțați,3.58,974
acest,6.02,358
dacă,6.35,316
recompensa,3.53,1216
se,6.77,99
întâmplă,5.11,357
lucru,5.82,307
va,6.5,123
trebui,5.58,188
să,7.14,60
pastila,3.2,218
cum,6.28,267
este,6.93,783
descris,4.33,630
mai,6.99,124
jos,5.44,433
În,7.47,61
cadrul,5.68,125
,0.0,
În,7.47,369
cadrul,5.68,189
conferinței,4.07,1125
au,6.75,100
fost,6.72,267
prezentate,4.53,717
datele,4.68,167
inițiale,4.07,459
ale,6.25,248
analizei,3.91,248
medicamentului,3.36,1362
cardiovasculare,3.44,1558
boli,4.7,399
pentru,6.89,451
simvastatin,0.0,1734
,0.0,
Peroxidul,0.0,850
de,7.72,672
hidrogen,3.72,666
se,6.77,185
va,6.5,310
degrada,0.0,1735
spontan,3.82,1956
în,7.47,216
apă,5.49,682
oxigen,4.28,2998
punctul,4.94,939
spațiale,3.92,495
molecular,3.07,2061
însă,5.64,1055
accelerează,3.63,984
catalizator,3.34,2478
unui,5.99,670
prezența,4.94,984
această,5.93,348
reacție,4.52,802
până,6.09,431
la,7.21,187
care,6.9,619
a,7.45,248
combustibil,4.28,1309
sursă,4.77,870
ca,6.69,53
folosit,5.22,513
pentru,6.89,433
torpile,3.45,549
și,7.46,233
chiar,6.06,317
nave,4.5,112
,0.0,
Chitara,3.84,517
este,6.93,467
un,6.99,124
instrument,4.51,678
de,7.72,123
transpoziție,0.0,2101
notată,3.09,552
cu,7.05,248
o,7.11,124
octavă,0.0,495
mai,6.99,309
sus,5.41,311
decât,5.9,994
standard,4.77,1772
notația,0.0,1265
înălțimea,4.45,1410
sa,6.39,932
reală,4.61,401
pentru,6.89,497
a,7.45,63
evita,4.42,311
utilizarea,4.87,307
clapei,0.0,558
bas,3.61,463
în,7.47,60
,0.0,
Atașarea,3.08,1496
la,7.21,187
fibră,3.75,370
este,6.93,122
atribuită,3.67,1613
cel,6.17,371
puțin,5.78,432
parțial,4.57,186
formării,4.05,1142
de,7.72,183
săruri,3.58,683
între,5.94,290
grupele,4.02,697
cationice,0.0,804
din,7.13,188
anionice,0.0,755
coloranți,3.49,1051
și,7.46,168
fibră,3.75,184
,0.0,
În,7.47,167
acest,6.02,167
sistem,5.25,865
compușii,3.15,628
sunt,6.6,306
denumiți,3.13,922
prin,6.29,493
analogie,3.51,1112
cu,7.05,126
gliceraldehida,0.0,2137
ceea,5.91,740
ce,6.72,249
neambigue,0.0,2715
denumiri,3.86,1040
general,5.54,1244
în,7.47,186
produce,4.88,1041
dar,6.46,217
este,6.93,231
cel,6.17,245
mai,6.99,309
ușor,5.42,184
de,7.72,124
observat,4.75,682
cazul,5.39,523
gliceraldehidei,0.0,2685
similare,4.64,994
biomolecule,0.0,1603
micilor,3.67,984
,0.0,
Suzuki,3.41,495
Pureharp,0.0,2178
este,6.93,247
unul,5.86,247
dintre,6.11,249
modele,4.64,1063
micile,3.86,855
de,7.72,1365
producție,4.89,716
care,6.9,156
folosesc,4.92,1262
lemnul,4.0,1814
ca,6.69,556
acoperire,4.35,1593
ceea,5.91,63
ce,6.72,121
produce,4.88,807
un,6.99,124
sunet,4.39,293
plăcut,4.96,417
,0.0,
Este,6.93,1083
utilizat,4.78,1928
de,7.72,433
sistemul,5.26,10938
imunitar,3.63,583
pentru,6.89,649
sinteza,3.95,433
ADNului,0.0,804
vindecarea,3.68,614
rănilor,3.57,310
hormonală,0.0,1213
și,7.46,299
creșterea,4.95,701
dezvoltarea,5.1,780
normală,4.45,803
în,7.47,123
perioadele,4.18,479
cu,7.05,333
activitate,5.1,666
,0.0,
O,7.11,126
utilizare,4.52,683
intensă,4.2,933
a,7.45,115
spiderului,0.0,2203
poate,6.31,62
duce,5.45,434
la,7.21,62
blocarea,3.69,620
accesului,3.78,431
site,5.43,310
cu,7.05,447
prejudicii,3.14,1281
dumneavoastră,5.1,1162
IPului,0.0,486
sau,6.41,311
,0.0,
Folosește,4.83,739
aceleași,4.57,871
forme,4.85,374
de,7.72,124
acorduri,3.97,1122
ca,6.69,232
și,7.46,167
Open,4.44,716
E,6.39,52
dar,6.46,183
este,6.93,229
mai,6.99,184
ușor,5.42,310
pentru,6.89,1051
gâtul,3.97,643
tensiunea,4.16,1059
chitarei,0.0,1035
deoarece,5.45,794
corzile,3.28,743
sunt,6.6,432
dezacordate,0.0,1096
reducând,3.7,918
,0.0,
Deși,5.55,315
unele,5.49,310
cadre,4.3,249
sunt,6.6,314
prevăzute,4.24,544
cu,7.05,181
trei,5.81,167
orificii,3.23,584
pentru,6.89,333
știfturile,0.0,2635
poziționare,3.43,1364
anumită,4.62,784
doar,6.14,559
funcționează,4.93,1187
să,7.14,203
frâne,3.19,916
întro,0.0,933
poziție,4.74,650
așa,6.04,350
că,6.91,874
timpul,5.8,372
dezasamblării,0.0,1238
fost,6.72,180
rețineți,3.37,751
trebuie,6.15,216
ce,6.72,182
folosite,5.0,300
,0.0,
Aceasta,5.66,374
este,6.93,124
doar,6.14,431
una,5.69,254
dintre,6.11,448
numeroasele,4.07,667
realizări,4.09,1773
modul,4.93,491
ale,6.25,244
ingineriei,3.26,988
care,6.9,990
neau,0.0,234
permis,4.83,717
nutriție,3.52,857
să,7.14,437
cuantificăm,0.0,964
și,7.46,62
înțelegem,4.36,549
gena,3.49,500
umană,4.69,401
în,7.47,63
aceasta,5.66,249
legată,4.55,331
de,7.72,615
În,7.47,63
nordul,4.49,430
Europei,4.9,559
nordul,4.49,308
Germaniei,4.4,619
Țările,4.87,123
de,7.72,62
Jos,5.44,61
și,7.46,117
Franța,4.99,309
clasa,5.02,167
mijloc,4.69,383
avea,5.98,600
tendința,4.26,781
fi,6.59,183
protestantă,3.34,993
ceea,5.91,433
ce,6.72,62
corespundea,0.0,519
cu,7.05,51
etica,3.72,333
filozofia,3.77,366
muncii,4.76,283
O,7.11,63
astfel,5.83,803
de,7.72,122
cavitate,0.0,435
poate,6.31,122
oferi,4.79,190
numeroase,4.96,497
avantaje,4.05,496
funcționale,4.08,556
,0.0,
Pentru,6.89,567
a,7.45,64
obține,4.97,517
acest,6.02,566
câmp,4.5,218
camera,5.08,371
trebuie,6.15,605
să,7.14,123
fie,6.13,174
suficient,4.97,370
de,7.72,124
reverberantă,0.0,780
iar,6.2,633
evita,4.42,171
frecvențele,3.36,765
înalte,4.59,922
pentru,6.89,384
efectele,4.49,299
modurilor,0.0,817
predominante,3.11,823
,0.0,
Vacuola,0.0,1035
alimentară,4.04,774
formată,4.57,369
,0.0,61
apoi,5.76,494
fuzionează,0.0,633
cu,7.05,203
un,6.99,232
lizozom,0.0,384
și,7.46,216
digeră,0.0,449
alimentele,3.61,715
,0.0,
Toate,6.05,569
celelalte,4.99,666
lucruri,5.37,475
fiind,5.94,559
egale,4.27,368
nucleofilii,0.0,742
sunt,6.6,223
în,7.47,217
general,5.54,349
comparați,0.0,701
între,5.94,1085
ei,6.12,560
reactivitatea,0.0,926
privește,5.09,515
ceea,5.91,555
ce,6.72,123
relativă,3.75,1097
,0.0,
Proiectele,4.15,1049
de,7.72,123
lege,4.75,309
private,4.58,372
afectează,4.23,1359
o,7.11,165
anumită,4.62,268
companie,4.94,575
persoană,5.23,368
sau,6.41,185
altă,5.43,184
entitate,4.1,439
publice,5.11,498
anumite,5.01,965
de,7.72,189
exemplu,5.43,556
autorizarea,3.35,679
unor,5.72,245
construcții,4.79,301
majore,4.57,500
pe,7.06,117
terenuri,4.45,267
,0.0,
Faceți,5.01,651
clic,3.49,167
pe,7.06,100
butonul,4.2,450
MAC,4.4,331
sau,6.41,186
WIN,3.51,308
atașat,4.05,246
pentru,6.89,433
a,7.45,63
descărca,3.4,370
fișierul,3.69,248
font,4.06,311
zipat,0.0,373
,0.0,
Motivul,4.82,951
pentru,6.89,232
care,6.9,267
leziunile,3.34,1997
hipotalamice,0.0,1420
afectează,4.23,567
grăsimea,3.4,650
corporală,3.71,494
și,7.46,309
semnalizarea,3.06,1441
are,6.19,314
comportamentul,4.41,1862
alimentar,3.85,281
de,7.72,167
fapt,5.49,125
mult,6.2,62
dea,5.14,61
face,6.08,558
leptinei,0.0,510
a,7.45,933
,0.0,
Sa,6.39,246
spus,5.72,313
că,6.91,522
a,7.45,116
trebuit,4.89,432
să,7.14,102
își,5.66,217
croiască,0.0,567
drum,5.16,281
prin,6.29,361
păduri,4.21,308
fără,5.95,185
urme,4.37,493
ceea,5.91,308
ce,6.72,122
îndoială,4.54,623
acest,6.02,410
puțin,5.78,332
cel,6.17,232
cazul,5.39,269
fost,6.72,531
în,7.47,124
oraș,5.35,247
,0.0,
Acest,6.02,1493
lucru,5.82,369
este,6.93,122
foarte,6.14,501
foarte,6.14,335
diferit,4.7,448
de,7.72,115
modelele,4.26,1310
pasive,3.38,843
citire,3.8,310
textului,4.11,481
întro,0.0,487
creierul,4.4,113
încercarea,4.37,65
viteză,4.68,50
mare,6.17,51
,0.0,
Acest,6.02,352
manieră,4.16,943
liniară,3.34,435
de,7.72,124
mare,6.17,248
viteză,4.68,800
care,6.9,432
se,6.77,184
aseamănă,3.79,1299
cu,7.05,162
încercarea,4.37,843
a,7.45,123
forța,4.7,249
creierul,4.4,677
să,7.14,849
mie,5.03,420
găsească,4.64,851
un,6.99,166
sens,4.92,288
la,7.21,187
o,7.11,192
gloanțe,3.66,310
trec,4.69,186
viteză,4.68,449
,0.0,
Ca,6.69,765
adjective,3.06,859
terminațiile,0.0,806
lor,5.88,247
variază,4.19,1053
în,7.47,63
funcție,5.32,248
de,7.72,62
substantivele,0.0,679
pe,7.06,122
care,6.9,62
le,6.31,186
modifică,3.97,447
,0.0,
În,7.47,132
ciuda,4.85,166
acestui,5.24,692
fapt,5.49,310
putem,5.48,686
vedea,5.33,185
că,6.91,185
există,5.67,247
încă,5.73,464
o,7.11,116
anumită,4.62,566
interacțiune,3.7,567
între,5.94,432
asupra,5.67,550
moderatoare,0.0,761
influență,4.49,372
McGonagall,0.0,862
McGonagall,0.0,1241
Dumbledore,3.24,994
și,7.46,247
fiind,5.94,247
Dumbledore,3.24,511
de,7.72,150
fermă,4.22,729
părților,3.94,484
tuturor,5.18,1341
în,7.47,123
timp,6.1,246
ce,6.72,239
manifestă,4.36,450
loialitate,3.71,303
față,5.6,217
utilizați,3.88,51
cel,6.17,293
,0.0,
De,7.72,621
asemenea,5.79,618
este,6.93,369
posibil,5.22,515
să,7.14,64
existe,4.48,935
taxe,4.14,232
de,7.72,61
licență,4.39,630
separate,4.21,932
pentru,6.89,553
distribuția,4.12,618
GIF,3.03,423
brevetate,0.0,919
multimedia,4.01,1413
date,5.38,493
formate,4.31,1448
cum,6.28,384
ar,6.32,115
fi,6.59,167
imaginile,4.16,429
care,6.9,313
dacă,6.35,1228
nu,7.01,617
fapt,5.49,347
GFDL,0.0,1017
fotografia,4.29,448
sau,6.41,254
punct,5.39,420
din,7.13,478
cel,6.17,544
puțin,5.78,601
vedere,5.57,308
filozofic,3.2,1187
încalcă,3.69,667
principiile,4.33,382
împiedicânduvă,0.0,1899
liber,5.16,418
utilizați,3.88,400
imaginea,4.64,332
,0.0,
Întreaga,5.14,909
aplicație,4.13,574
asamblată,0.0,753
este,6.93,622
platforma,4.32,994
iar,6.2,60
birourile,3.69,573
personalului,4.13,1482
afectat,4.34,717
reprezintă,5.38,783
domeniul,5.22,483
țintă,4.4,323
pentru,6.89,250
munca,5.04,250
lor,5.88,124
,0.0,
Utilizarea,4.87,495
modernă,4.63,620
a,7.45,62
emoticoanelor,0.0,620
în,7.47,62
discuțiile,3.93,373
electronice,4.46,928
se,6.77,62
datorează,4.43,432
general,5.54,618
1982,4.57,311
din,7.13,558
propuneri,4.09,433
unei,5.96,369
,0.0,
Oasele,3.98,783
neregulate,3.36,1714
au,6.75,188
forme,4.85,435
deosebite,4.46,994
nu,7.01,201
pot,6.07,117
fi,6.59,100
grupate,3.78,433
sub,5.85,100
capetele,3.97,654
precedente,3.97,1050
și,7.46,62
sunt,6.6,867
folosite,5.0,308
pentru,6.89,246
atașarea,3.08,749
mușchilor,3.73,431
articulații,3.36,554
,0.0,
Calcularea,3.46,1311
unor,5.72,216
astfel,5.83,332
de,7.72,117
capacități,3.76,545
și,7.46,62
fie,6.13,124
exploatarea,4.26,991
lor,5.88,248
luarea,4.0,435
măsurilor,3.8,739
ingineria,3.63,1734
importantă,4.99,1172
problemă,5.08,929
o,7.11,496
contracara,3.5,2272
pentru,6.89,433
necesare,4.78,868
a,7.45,64
le,6.31,185
reprezintă,5.38,791
în,7.47,51
electrice,4.66,396
circuitelor,3.26,2194
Cu,7.05,65
toate,6.05,152
acestea,5.61,516
ar,6.32,100
trebui,5.58,232
să,7.14,100
fie,6.13,117
clar,5.15,184
că,6.91,123
diferite,5.42,183
lungimi,3.55,248
de,7.72,189
undă,3.95,184
vor,6.05,124
suferi,4.27,436
primite,4.27,61
a,7.45,61
constructive,3.6,63
,0.0,
Cu,7.05,362
interferențe,3.37,600
constructive,3.6,781
pentru,6.89,219
diferite,5.42,598
unghiuri,3.69,987
incidență,3.33,782
de,7.72,116
a,7.45,65
luminii,4.38,268
primite,4.27,417
,0.0,
Au,6.75,192
fost,6.72,318
produse,5.09,435
drame,3.54,311
comedii,3.43,247
și,7.46,188
toate,6.05,250
celelalte,4.99,340
forme,4.85,267
de,7.72,63
divertisment,4.12,540
precum,5.8,850
emisiuni,4.31,557
știri,4.54,122
muzică,5.06,433
,0.0,
Poșta,3.85,308
este,6.93,309
generată,3.77,347
intern,4.48,569
de,7.72,188
către,6.0,231
sistemul,5.26,434
Postfix,0.0,435
însuși,4.85,185
pentru,6.89,371
a,7.45,62
notifica,0.0,369
poștașul,0.0,677
fără,5.95,50
asemenea,5.79,424
problemă,5.08,791
o,7.11,52
despre,6.22,615
această,5.93,310
cale,5.09,246
este,6.93,188
indicată,3.67,308
cu,7.05,124
săgeata,3.69,889
etichetă,3.6,698
,0.0,
Tampoanele,0.0,924
sensibile,3.77,1568
ale,6.25,123
degetelor,3.65,1341
noastre,5.49,869
folosite,5.0,216
ca,6.69,116
antene,3.48,955
tactile,0.0,853
detectează,3.46,738
cea,5.96,431
încordare,0.0,668
tresărire,0.0,678
mică,5.26,248
mai,6.99,614
sau,6.41,166
ezitare,3.49,433
de,7.72,165
răspuns,4.98,268
,0.0,
Diagnosticul,3.87,934
de,7.72,167
schizofrenie,3.31,534
nu,7.01,116
ar,6.32,50
trebui,5.58,430
pus,5.4,247
în,7.47,128
prezența,4.94,553
unor,5.72,246
simptome,4.22,563
depresive,3.22,633
că,6.91,101
care,6.9,132
excepția,4.79,552
extinse,3.97,682
maniacale,0.0,903
sau,6.41,450
cu,7.05,125
cazului,4.11,311
este,6.93,266
clar,5.15,116
simptomele,4.06,800
afective,3.38,555
tulburărilor,3.67,798
anterioare,4.55,1690
sunt,6.6,737
schizofrenice,0.0,1090
,0.0,
Există,5.67,593
o,7.11,62
ușoară,4.59,437
tendință,3.99,491
de,7.72,240
atac,4.92,279
din,7.13,764
partea,5.71,266
opusă,3.79,401
a,7.45,65
halogenului,0.0,993
Cu,7.05,51
toate,6.05,878
acestea,5.61,493
faptul,5.36,283
că,6.91,163
scorbutul,0.0,988
este,6.93,249
cauzat,4.2,496
de,7.72,188
lipsa,4.78,334
vitaminei,3.19,783
c,5.51,150
a,7.45,50
fost,6.72,382
descoperit,5.03,1368
abia,5.14,250
în,7.47,62
1932,4.16,531
,0.0,
Același,5.52,635
principiu,4.34,804
se,6.77,125
aplica,3.95,437
desigur,4.97,583
și,7.46,132
la,7.21,101
reflexul,0.0,1465
cu,7.05,63
un,6.99,61
singur,5.28,867
obiectiv,4.51,495
dar,6.46,192
primele,5.29,590
neplăceri,3.26,750
întârzieri,3.35,682
provocat,4.48,1535
au,6.75,102
SLRuri,0.0,798
din,7.13,283
cauza,5.47,359
necesității,3.53,743
de,7.72,190
a,7.45,187
muta,4.12,308
oglinda,4.04,381
în,7.47,251
permite,5.02,882
afara,5.12,547
planului,4.36,1070
focal,0.0,61
pentru,6.89,618
luminii,4.38,385
să,7.14,166
ajungă,4.81,282
placa,4.22,201
spatele,5.02,666
,0.0,
După,6.35,949
ce,6.72,166
Ron,4.27,401
aproape,5.68,568
că,6.91,66
moare,4.61,374
bând,3.01,245
hidromel,0.0,680
otrăvit,3.57,431
care,6.9,251
se,6.77,167
pare,5.52,616
era,6.22,168
destinat,4.37,645
încât,5.13,603
atât,5.86,114
Hermione,3.41,920
profesorului,4.2,866
Dumbledore,3.24,727
este,6.93,333
de,7.72,232
tulburată,3.27,500
pun,4.99,927
dușmăniei,0.0,865
lor,5.88,62
pentru,6.89,310
totdeauna,4.61,621
,0.0,
Deși,5.55,806
evreii,4.25,62
au,6.75,218
fost,6.72,216
țintele,3.49,300
preferate,3.85,1186
și,7.46,402
sunt,6.6,184
victimele,4.25,991
despre,6.22,298
care,6.9,215
auzim,4.04,350
cel,6.17,167
mai,6.99,285
des,4.97,283
vorbim,4.95,542
când,6.27,242
atunci,5.99,836
Holocaust,3.55,681
ei,6.12,117
nu,7.01,166
singurele,4.17,449
victime,4.49,434
,0.0,
Principalul,4.55,1039
motiv,5.16,434
pentru,6.89,334
care,6.9,265
nu,7.01,52
se,6.77,165
permit,4.39,1341
mai,6.99,382
multe,5.93,660
ieșiri,3.52,335
cu,7.05,215
aceeași,5.24,400
intrare,4.6,450
este,6.93,610
aceluiași,4.25,671
la,7.21,113
aplicăm,3.17,524
permite,5.02,560
ne,6.33,247
acela,5.06,431
că,6.91,63
să,7.14,124
funcție,5.32,365
diferite,5.42,435
forme,4.85,332
ale,6.25,167
lucru,5.82,372
echivalența,0.0,1281
schimba,4.86,434
fără,5.95,370
acestora,5.11,700
,0.0,
De,7.72,787
asemenea,5.79,417
coeficientul,3.5,1317
de,7.72,463
frecare,3.38,670
variază,4.19,431
foarte,6.14,745
mult,6.2,252
în,7.47,187
funcție,5.32,400
cele,6.14,51
două,6.0,185
netezimea,0.0,622
contact,4.72,848
aflate,4.93,494
substanțe,4.55,1057
precum,5.8,466
și,7.46,123
temperatura,4.64,1061
celor,5.54,494
substanțe,4.55,815
,0.0,
În,7.47,166
chimia,3.51,351
organică,3.9,1114
carbonul,0.0,557
este,6.93,373
utilizat,4.78,434
foarte,6.14,557
frecvent,4.55,768
astfel,5.83,466
încât,5.13,400
chimiștii,0.0,665
știu,5.49,434
că,6.91,124
capetele,3.97,410
carbon,4.28,706
de,7.72,230
atom,3.57,1209
există,5.67,243
un,6.99,101
la,7.21,182
fiecărei,4.3,308
linii,4.54,372
care,6.9,245
nu,7.01,187
etichetată,3.01,618
în,7.47,122
mod,5.57,744
specific,4.57,1243
,0.0,
Cu,7.05,117
toate,6.05,868
acestea,5.61,434
dacă,6.35,248
programul,4.82,617
este,6.93,868
un,6.99,189
fel,5.75,167
de,7.72,290
editor,4.13,817
care,6.9,216
rulează,3.9,350
pe,7.06,291
desktop,3.79,1243
din,7.13,251
să,7.14,185
posibil,5.22,495
doriți,4.81,1400
oferiți,3.61,931
operatorului,3.48,988
opțiunea,3.86,547
a,7.45,65
salva,4.46,252
informațiile,4.49,384
introduse,4.23,817
program,4.84,822
iasă,4.59,349
loc,5.87,237
trudă,0.0,500
cu,7.05,370
în,7.47,124
,0.0,
Un,6.99,1248
alfabet,3.42,981
ingenios,3.46,634
lea,5.23,471
permis,4.83,680
mayașilor,0.0,683
să,7.14,185
înregistreze,3.84,747
informații,5.14,734
pe,7.06,117
monumentele,3.65,1177
multe,5.93,645
de,7.72,179
modalitate,4.5,808
antropologilor,0.0,1874
oferindule,0.0,951
templele,3.29,616
și,7.46,184
lor,5.88,186
o,7.11,62
excelentă,4.3,993
a,7.45,132
afla,5.16,217
mai,6.99,166
mayașă,0.0,298
cultura,4.83,603
viața,5.69,527
despre,6.22,444
În,7.47,50
general,5.54,1020
se,6.77,116
crede,4.97,61
pilusul,0.0,1522
este,6.93,102
asamblat,3.22,550
de,7.72,215
la,7.21,166
baza,5.43,268
sa,6.39,217
deoarece,5.45,432
în,7.47,62
membrana,3.41,991
găsește,4.92,508
celulară,3.67,840
o,7.11,117
rezervă,4.55,317
pilină,0.0,434
,0.0,
Când,6.27,616
ajung,4.91,400
la,7.21,615
destinație,4.21,766
cu,7.05,217
terasa,3.69,566
umbrită,3.08,847
încă,5.73,434
vedere,5.57,993
desfășor,0.0,494
prosoapele,3.18,871
și,7.46,312
mă,5.98,123
înclinat,3.69,1050
întind,3.82,558
confortabil,4.38,868
pe,7.06,125
scaunul,4.38,492
,0.0,
Deoarece,5.45,497
majoritatea,5.22,743
manualelor,0.0,1055
sunt,6.6,369
elaborate,4.01,806
de,7.72,151
către,6.0,369
sau,6.41,744
pe,7.06,552
baza,5.43,173
contribuțiilor,3.27,1168
respectată,3.52,858
este,6.93,347
această,5.93,653
domeniu,4.72,782
experților,3.36,1015
în,7.47,184
cerință,3.42,551
obicei,5.09,1026
bine,6.02,61
sferică,0.0,63
,0.0,
Mărimea,4.29,1421
razei,3.22,557
de,7.72,185
aggro,0.0,765
variază,4.19,533
uneori,5.17,367
în,7.47,125
funcție,5.32,381
facțiune,0.0,668
și,7.46,432
con,4.06,558
poate,6.31,1240
sferică,0.0,683
anumite,5.01,619
medii,4.54,684
,0.0,
Deși,5.55,683
Harry,4.71,342
va,6.5,186
deveni,4.89,309
excepție,4.31,682
există,5.67,311
un,6.99,186
alt,5.3,186
elev,4.24,465
asemenea,5.79,845
de,7.72,215
orfan,3.68,368
și,7.46,51
vrăjitor,3.57,535
atenție,5.01,554
acordat,4.88,1201
talentat,3.76,677
căruia,4.85,497
Dumbledore,3.24,797
ia,5.37,101
el,6.13,49
o,7.11,227
sporită,3.77,492
deși,5.55,577
nu,7.01,186
același,5.52,595
mod,5.57,167
Harry,4.71,675
cazul,5.39,282
în,7.47,399
ca,6.69,217
lui,6.47,152
,0.0,
Ea,5.81,935
aranjează,3.36,635
împrumutul,3.47,1098
unui,5.99,317
reparator,0.0,1507
de,7.72,61
la,7.21,1002
un,6.99,247
concurent,3.77,1218
dar,6.46,50
între,5.94,573
timp,6.1,315
lanterne,0.0,418
oameni,5.74,495
mare,6.17,309
număr,5.26,556
organizează,4.41,1425
cu,7.05,63
întrun,0.0,550
sistem,5.25,449
manual,4.43,1002
semnalizare,3.65,1428
,0.0,
Există,5.67,512
de,7.72,734
asemenea,5.79,718
diferite,5.42,504
stiluri,4.0,333
editare,3.86,473
în,7.47,64
sensul,4.76,861
cât,5.98,351
îndrăzneți,0.0,634
sunt,6.6,115
dispuși,3.84,851
să,7.14,488
fie,6.13,122
oamenii,5.58,370
,0.0,
Fusese,4.77,808
surprinsă,3.91,618
de,7.72,496
faptul,5.36,287
că,6.91,104
Taggart,0.0,645
trecuse,3.49,372
întro,0.0,229
zi,5.83,171
din,7.13,183
senin,4.09,285
prin,6.29,123
camera,5.08,499
ei,6.12,188
mahala,3.4,843
,0.0,
Pentru,6.89,372
a,7.45,248
familiariza,0.0,684
cu,7.05,371
demonstrația,3.42,850
matematică,4.51,748
și,7.46,124
de,7.72,368
asemenea,5.79,368
unele,5.49,457
Demonstrație,3.86,1675
concepte,4.13,784
matematice,3.75,929
bază,5.21,554
cititorii,3.78,993
pot,6.07,311
citi,4.51,312
wikibook,0.0,1090
matematică,4.51,936
,0.0,
Senzorul,3.22,818
Hall,4.05,306
și,7.46,63
inductorul,0.0,869
utilizează,4.58,1476
o,7.11,168
proprietate,4.55,1410
a,7.45,565
câmpului,3.91,554
magnetic,3.78,492
pentru,6.89,368
detecta,3.63,766
curentul,4.21,483
printrun,0.0,726
conductor,3.15,617
din,7.13,123
apropiere,4.66,432
,0.0,
Acestea,5.61,933
sunt,6.6,125
în,7.47,186
principal,5.11,430
linii,4.54,832
directoare,3.69,883
privind,5.27,610
comportamentul,4.41,1048
administratorilor,0.0,1542
atunci,5.99,724
utile,4.02,461
pot,6.07,484
dar,6.46,467
fi,6.59,50
când,6.27,1070
aveți,5.25,438
un,6.99,63
litigiu,3.35,426
serios,4.72,368
cu,7.05,100
administratorii,3.19,766
sau,6.41,216
vă,6.06,995
comisii,3.93,655
și,7.46,179
comisarilor,0.0,1125
adresați,3.07,653
unei,5.96,217
de,7.72,125
arbitraj,3.73,494
,0.0,
Nu,7.01,309
uitați,4.44,50
că,6.91,64
textul,4.66,351
,0.0,
Nu,7.01,249
uitați,4.44,100
că,6.91,183
textul,4.66,284
va,6.5,246
curge,4.19,282
și,7.46,167
se,6.77,280
înfășura,0.0,372
diferit,4.7,434
pentru,6.89,370
alți,5.06,126
utilizatori,4.14,680
în,7.47,125
funcție,5.32,430
de,7.72,122
implicită,3.33,432
dimensiunea,4.37,984
rezoluția,3.97,1962
browserul,3.13,972
ales,5.59,334
ecranului,3.54,554
a,7.45,61
fontului,0.0,553
opțiunile,3.73,677
cum,6.28,461
bare,3.83,460
numărul,5.44,734
accesibilitate,3.31,679
instrumente,4.62,740
laterale,4.14,452
ar,6.32,114
fi,6.59,67
panourile,3.42,932
altele,5.08,347
instantanee,3.54,1506
mesagerie,3.28,717
,0.0,
Pe,7.06,166
partea,5.71,484
germană,4.64,1009
însă,5.64,181
sa,6.39,124
format,5.06,558
un,6.99,185
decalaj,3.17,495
între,5.94,246
cele,6.14,286
mai,6.99,216
vestice,3.65,350
corpuri,4.03,616
de,7.72,867
armată,4.75,741
iar,6.2,124
înaintarea,3.71,495
rapidă,4.56,432
a,7.45,125
epuizat,3.86,556
trupele,4.41,367
,0.0,
Un,6.99,102
lucru,5.82,982
important,5.37,767
de,7.72,258
menționat,4.85,743
este,6.93,433
faptul,5.36,247
că,6.91,61
caracterele,3.5,755
pentru,6.89,283
cifre,4.22,217
sunt,6.6,667
corespunzător,4.26,870
reprezentate,4.09,922
diferit,4.7,371
numărul,5.44,492
lor,5.88,185
vecine,3.99,345
,0.0,
Conexiunile,3.4,1616
intercelulare,0.0,855
permit,4.39,502
heterocitelor,0.0,1318
să,7.14,124
transporte,3.52,556
azotul,0.0,675
fixat,3.95,348
către,6.0,383
celulele,4.27,1332
vecine,3.99,739
și,7.46,123
primească,4.24,371
carbohidrați,3.11,680
,0.0,
Puteți,5.42,1151
extrage,3.73,464
un,6.99,151
singur,5.28,482
document,4.64,432
dintro,0.0,187
astfel,5.83,372
de,7.72,63
colecție,4.49,494
și,7.46,372
îl,5.88,61
puteți,5.42,565
distribui,3.39,550
copie,4.38,398
condiția,4.37,634
să,7.14,189
extras,4.21,177
documentul,4.1,718
licențe,3.56,785
individual,4.56,673
în,7.47,63
temeiul,3.64,621
prezentei,0.0,497
licențe,3.56,218
cu,7.05,116
inserați,0.0,284
o,7.11,115
a,7.45,50
licență,4.39,428
respectați,3.61,367
prezenta,4.46,309
toate,6.05,185
celelalte,4.99,431
documentului,3.55,498
copierea,3.25,369
privește,5.09,432
ce,6.72,124
ceea,5.91,247
privințe,3.39,499
textuală,0.0,281
respectiv,5.18,781
O,7.11,65
altă,5.43,400
carte,5.08,1083
separată,4.02,373
tratează,4.14,744
foile,3.19,492
de,7.72,249
stil,4.99,308
în,7.47,125
cascadă,3.61,558
CSS,3.66,464
care,6.9,267
se,6.77,50
ocupă,4.82,184
aspectul,4.49,798
CSS,3.66,237
abordează,3.84,652
față,5.6,419
cartea,5.19,720
general,5.54,868
și,7.46,123
stilizare,0.0,1215
dar,6.46,165
pe,7.06,125
scurt,5.18,310
,0.0,
Budismul,0.0,993
și,7.46,232
jainismul,0.0,1000
au,6.75,184
multe,5.93,499
teme,4.64,308
practici,4.06,668
comune,4.82,334
inclusiv,5.33,282
accentul,4.2,635
pus,5.4,315
pe,7.06,131
renunțarea,3.8,895
la,7.21,116
ajunge,5.33,188
credința,4.47,1209
nonviolență,0.0,1427
că,6.91,231
se,6.77,1259
eliberare,4.24,1390
prin,6.29,218
legăturile,4.12,839
lumești,3.06,431
merite,4.0,435
acumularea,3.82,617
karma,3.42,617
procesul,5.0,524
iluzie,3.84,528
leagă,4.43,273
care,6.9,434
indivizi,4.27,717
de,7.72,62
bune,5.48,849
rele,4.56,218
În,7.47,51
fiecare,5.78,423
an,5.67,124
numărul,5.44,432
de,7.72,371
membri,4.94,495
ai,6.17,187
acestui,5.24,432
club,4.83,333
crește,4.77,384
iar,6.2,100
nevoia,4.29,382
lideri,4.26,217
numele,5.77,308
sub,5.85,371
și,7.46,417
cunoscuți,4.3,372
grupuri,4.7,683
mici,5.35,124
Facilitatori,0.0,2163
nucleu,3.69,433
în,7.47,247
cămine,3.41,247
crește,4.77,396
,0.0,
În,7.47,233
prezent,5.4,507
un,6.99,187
loc,5.87,183
este,6.93,183
egal,4.44,186
cu,7.05,185
aproximativ,5.32,985
600,3.26,399
0,5.19,267
de,7.72,167
alegători,3.58,501
