sentence,word,average_complexity,total_reading_time
"DupăceRonaproapecămoarebândmiedotrăvit,careaparenteradestinatprofesoruluiDumbledore,Hermioneesteatâtdetulburată,încâtpunecapătconflictuluilorpentrutotdeauna.",tulburată,0.125,500.0
"Dupărăzboi,Hitlerarămasînarmatăși,dupăceaprimitcursurideinformațiișioratorie,adevenitofițerdeinformațiiînsărcinatcuinfiltrareaînpartidelepoliticeșicuraportareacătresuperioriisăicuprivirelaactivitățileacestora.",oratorie,0.125,1305.0
"Dupărăzboi,Hitlerarămasînarmatăși,dupăceaprimitcursurideinformațiișioratorie,adevenitofițerdeinformațiiînsărcinatcuinfiltrareaînpartidelepoliticeșicuraportareacătresuperioriisăicuprivirelaactivitățileacestora.",infiltrarea,0.125,749.0
"Dupărăzboi,Hitlerarămasînarmatăși,dupăceaprimitcursurideinformațiișioratorie,adevenitofițerdeinformațiiînsărcinatcuinfiltrareaînpartidelepoliticeșicuraportareacătresuperioriisăicuprivirelaactivitățileacestora.",raportarea,0.375,620.0
"Toatecelelaltelucrurirămânândfel,nucleofilelesunt,îngeneral,comparateîntreeleînceeacepriveștereactivitatearelativă.",relativă,0.25,1097.0
"Deasemenea,coeficientuldefrecarevariazăfoartemultînfuncțiedecaresuntceledouăsubstanțeaflateîncontact,precumșidetemperaturașinetezimeacelordouăsubstanțe.",frecare,0.25,670.0
"Deasemenea,coeficientuldefrecarevariazăfoartemultînfuncțiedecaresuntceledouăsubstanțeaflateîncontact,precumșidetemperaturașinetezimeacelordouăsubstanțe.",variază,0.25,431.0
"Deasemenea,coeficientuldefrecarevariazăfoartemultînfuncțiedecaresuntceledouăsubstanțeaflateîncontact,precumșidetemperaturașinetezimeacelordouăsubstanțe.",netezimea,0.25,622.0
"Deșinecesitădisciplină,esteextremdeimportantsăselucrezesistematicînsensinversîntimpprinlistaderegistre,epuizândtoatesurselepentrufiecarepersoană,înaintedeaseocupadepărințiișibuniciiacestora.",sistematic,0.5,601.0
"Deșinecesitădisciplină,esteextremdeimportantsăselucrezesistematicînsensinversîntimpprinlistaderegistre,epuizândtoatesurselepentrufiecarepersoană,înaintedeaseocupadepărințiișibuniciiacestora.",invers,0.0,700.0
"Deșinecesitădisciplină,esteextremdeimportantsăselucrezesistematicînsensinversîntimpprinlistaderegistre,epuizândtoatesurselepentrufiecarepersoană,înaintedeaseocupadepărințiișibuniciiacestora.",epuizând,0.0,1703.0
"Deșiunelecadresuntprevăzutecutreiorificiipentruștifturiledepoziționare,unelefrânefuncționeazădoarîntr-oanumităpoziție,așacă,întimpuldezasamblării,trebuiesăreținețiceorificiiaufostfolosite.",cadre,0.375,249.0
"Deșiunelecadresuntprevăzutecutreiorificiipentruștifturiledepoziționare,unelefrânefuncționeazădoarîntr-oanumităpoziție,așacă,întimpuldezasamblării,trebuiesăreținețiceorificiiaufostfolosite.",orificii,0.5,584.0
"Deșiunelecadresuntprevăzutecutreiorificiipentruștifturiledepoziționare,unelefrânefuncționeazădoarîntr-oanumităpoziție,așacă,întimpuldezasamblării,trebuiesăreținețiceorificiiaufostfolosite.",frâne,0.125,916.0
"DeșievreiiaufostținteleprincipaleșisuntvictimeledesprecareauzimcelmaidesatuncicândvorbimdespreHolocaust,einuaufostsingurelevictime.",auzim,0.0,350.0
"DeșievreiiaufostținteleprincipaleșisuntvictimeledesprecareauzimcelmaidesatuncicândvorbimdespreHolocaust,einuaufostsingurelevictime.",vorbim,0.0,542.0
"Printreacestetehnologiisenumărafisiuneanucleară,careconstăîndivizareaunuiatomfoarteelectronegativînatomimaimicișicareproduceoenergiedezeceorimaimare.",tehnologii,0.25,866.0
"Printreacestetehnologiisenumărafisiuneanucleară,careconstăîndivizareaunuiatomfoarteelectronegativînatomimaimicișicareproduceoenergiedezeceorimaimare.",nucleară,0.75,1266.0
"Printreacestetehnologiisenumărafisiuneanucleară,careconstăîndivizareaunuiatomfoarteelectronegativînatomimaimicișicareproduceoenergiedezeceorimaimare.",electronegativ,0.5,4049.0
"Unalfabetingeniosle-apermismayașilorsăînregistrezeinformațiipemonumenteleșitemplelelor,oferindu-leantropologiloromodalitateexcelentădeaaflamaimultedespreviațașiculturamayașă.",ingenios,0.125,634.0
"Unalfabetingeniosle-apermismayașilorsăînregistrezeinformațiipemonumenteleșitemplelelor,oferindu-leantropologiloromodalitateexcelentădeaaflamaimultedespreviațașiculturamayașă.",antropologilor,0.25,1874.0
"Unalfabetingeniosle-apermismayașilorsăînregistrezeinformațiipemonumenteleșitemplelelor,oferindu-leantropologiloromodalitateexcelentădeaaflamaimultedespreviațașiculturamayașă.",excelentă,0.125,993.0
"OaltăcartetrateazăCascadingStyleSheets(CSS)careseocupădeaspectulgeneralșidestilizare,darcarteadefațăabordeazăpescurtCSS.",ocupă,0.0,184.0
"OaltăcartetrateazăCascadingStyleSheets(CSS)careseocupădeaspectulgeneralșidestilizare,darcarteadefațăabordeazăpescurtCSS.",general,0.125,868.0
"OaltăcartetrateazăCascadingStyleSheets(CSS)careseocupădeaspectulgeneralșidestilizare,darcarteadefațăabordeazăpescurtCSS.",abordează,0.125,652.0
"Încalitatedeguvernator,aurmatopoliticăatâtdestrictădeanumiînfuncțiidoarcolegirepublicani,încâtadevenitpărintelesistemuluidefavoruridinAmerica.",numi,0.0,1121.0
"Încalitatedeguvernator,aurmatopoliticăatâtdestrictădeanumiînfuncțiidoarcolegirepublicani,încâtadevenitpărintelesistemuluidefavoruridinAmerica.",părintele,0.0,800.0
"Caadjective,terminațiilelorvariazăînfuncțiedesubstantivelepecarelemodifică.",variază,0.125,1053.0
"Caadjective,terminațiilelorvariazăînfuncțiedesubstantivelepecarelemodifică.",funcție,0.25,248.0
"Caadjective,terminațiilelorvariazăînfuncțiedesubstantivelepecarelemodifică.",substantivele,0.25,679.0
"Deoareceunsingurreflectorparabolicatingeopreciziedefocalizaremaimaredecâtoricebancmaimaredeoglinzi,focalizareaestefolosităpentruaatingeotemperaturămairidicată,ceeacepermiteoconversiefoarteeficientăacălduriiînenergiemecanicăpentruaacționaungeneratorelectric.",parabolic,0.75,1000.0
"Deoareceunsingurreflectorparabolicatingeopreciziedefocalizaremaimaredecâtoricebancmaimaredeoglinzi,focalizareaestefolosităpentruaatingeotemperaturămairidicată,ceeacepermiteoconversiefoarteeficientăacălduriiînenergiemecanicăpentruaacționaungeneratorelectric.",precizie,0.125,371.0
"Deoareceunsingurreflectorparabolicatingeopreciziedefocalizaremaimaredecâtoricebancmaimaredeoglinzi,focalizareaestefolosităpentruaatingeotemperaturămairidicată,ceeacepermiteoconversiefoarteeficientăacălduriiînenergiemecanicăpentruaacționaungeneratorelectric.",focalizare,0.75,1438.0
"PelângăfaptulcăafostreginăaRegatuluiUnitalMariiBritaniișiIrlandei,afostșiprimulmonarhcareafolosittitluldeÎmpărăteasăaIndiei.",regină,0.0,383.0
"PelângăfaptulcăafostreginăaRegatuluiUnitalMariiBritaniișiIrlandei,afostșiprimulmonarhcareafolosittitluldeÎmpărăteasăaIndiei.",monarh,0.125,555.0
"PelângăfaptulcăafostreginăaRegatuluiUnitalMariiBritaniișiIrlandei,afostșiprimulmonarhcareafolosittitluldeÎmpărăteasăaIndiei.",titlul,0.125,307.0
"Lasfârșitulsecvenței,oracletăîndepărteazătonerulrămaspetamburșiîntregulprocesserepetăcuonouăimagine.",tonerul,0.5,776.0
"Lasfârșitulsecvenței,oracletăîndepărteazătonerulrămaspetamburșiîntregulprocesserepetăcuonouăimagine.",tambur,0.5,434.0
"Lasfârșitulsecvenței,oracletăîndepărteazătonerulrămaspetamburșiîntregulprocesserepetăcuonouăimagine.",repetă,0.0,496.0
"Atașarealafibrăesteatribuită,celpuținparțial,formăriidesăruriîntregrupeleanionicedincoloranțișigrupelecationicedinfibră.",anionice,0.875,755.0
"Atașarealafibrăesteatribuită,celpuținparțial,formăriidesăruriîntregrupeleanionicedincoloranțișigrupelecationicedinfibră.",cationice,0.875,804.0
"Atașarealafibrăesteatribuită,celpuținparțial,formăriidesăruriîntregrupeleanionicedincoloranțișigrupelecationicedinfibră.",fibră,0.5,370.0
"Dincauzafaptuluicăaparatulsăudeîmperechereesteghimpat,asemănătorcuaculuneilucrătoare,acestavafismulsdincorpulsăudupăîmperechere,iarelvacădeasprepământcusingurulrezultatposibil:moartea.",împerechere,0.125,2113.0
"Dincauzafaptuluicăaparatulsăudeîmperechereesteghimpat,asemănătorcuaculuneilucrătoare,acestavafismulsdincorpulsăudupăîmperechere,iarelvacădeasprepământcusingurulrezultatposibil:moartea.",smuls,0.0,469.0
"Pelângălexiculnou,artrebuisăvăuitațișilamodulîncareseconjugăverbeleînfuncțiedesubiectulpropoziției.",conjugă,0.25,699.0
"Pelângălexiculnou,artrebuisăvăuitațișilamodulîncareseconjugăverbeleînfuncțiedesubiectulpropoziției.",verbele,0.0,1169.0
"Ambeleutilizeazăintensivfuncțiilematematicepentruadescrieșiaprezicefenomenefizicecaresuntsupuseunorschimbăricontinue,iaracestlucrunecesităutilizareaanalizeimatematice.",intensiv,0.125,679.0
"Ambeleutilizeazăintensivfuncțiilematematicepentruadescrieșiaprezicefenomenefizicecaresuntsupuseunorschimbăricontinue,iaracestlucrunecesităutilizareaanalizeimatematice.",descrie,0.0,566.0
"Ambeleutilizeazăintensivfuncțiilematematicepentruadescrieșiaprezicefenomenefizicecaresuntsupuseunorschimbăricontinue,iaracestlucrunecesităutilizareaanalizeimatematice.",prezice,0.0,552.0
"OficialiibritanicidindomeniulcomerțuluiauconsideratcăprimaprioritateerapopulareazonelorrecentsecurizatedinCanadașiFlorida(cureferirelaTratatuldelaParis),undeseputeaașteptaînmodrezonabilcacoloniștiisăfacăcomerțcupatriamamă.",popularea,0.25,1204.0
"OficialiibritanicidindomeniulcomerțuluiauconsideratcăprimaprioritateerapopulareazonelorrecentsecurizatedinCanadașiFlorida(cureferirelaTratatuldelaParis),undeseputeaașteptaînmodrezonabilcacoloniștiisăfacăcomerțcupatriamamă.",securizate,0.25,1702.0
"OficialiibritanicidindomeniulcomerțuluiauconsideratcăprimaprioritateerapopulareazonelorrecentsecurizatedinCanadașiFlorida(cureferirelaTratatuldelaParis),undeseputeaașteptaînmodrezonabilcacoloniștiisăfacăcomerțcupatriamamă.",coloniștii,0.25,615.0
"Budismulșijainismulaumultetemeșipracticicomune,inclusivaccentulpuspenonviolențășicredințacăseajungelaeliberareprinrenunțarealalegăturilelumeșticareîileagăpeindivizideiluzieprinprocesuldekarma,acumulareademeritebuneșirele.",accentul,0.0,635.0
"Budismulșijainismulaumultetemeșipracticicomune,inclusivaccentulpuspenonviolențășicredințacăseajungelaeliberareprinrenunțarealalegăturilelumeșticareîileagăpeindivizideiluzieprinprocesuldekarma,acumulareademeritebuneșirele.",eliberare,0.125,1390.0
"Budismulșijainismulaumultetemeșipracticicomune,inclusivaccentulpuspenonviolențășicredințacăseajungelaeliberareprinrenunțarealalegăturilelumeșticareîileagăpeindivizideiluzieprinprocesuldekarma,acumulareademeritebuneșirele.",acumularea,0.125,617.0
"Pânăînanii1960,totmaimultetrimiteripoștaleeraufrancatecumasinidefrancatdecâtcutimbreadezivetradiționale.",francate,0.625,1679.0
"Pânăînanii1960,totmaimultetrimiteripoștaleeraufrancatecumasinidefrancatdecâtcutimbreadezivetradiționale.",adezive,0.125,750.0
Calculareaunorastfeldecapacitanțeșiexploatareasauluareamăsurilornecesarepentrualecontracarareprezintăoproblemăimportantăîningineriacircuitelorelectrice.,contracara,0.5,2272.0
Calculareaunorastfeldecapacitanțeșiexploatareasauluareamăsurilornecesarepentrualecontracarareprezintăoproblemăimportantăîningineriacircuitelorelectrice.,electrice,0.125,396.0
"Capitolulaldoileainvestigheazăaceastălegăturăpuținmaiamănunțit,discutândgimnasticamentalăarezolvăriiproblemelor.",amănunțit,0.0,398.0
"Capitolulaldoileainvestigheazăaceastălegăturăpuținmaiamănunțit,discutândgimnasticamentalăarezolvăriiproblemelor.",discutând,0.0,1178.0
"Capitolulaldoileainvestigheazăaceastălegăturăpuținmaiamănunțit,discutândgimnasticamentalăarezolvăriiproblemelor.",gimnastica,0.25,677.0
"Încurajatdesusținătoriidinsud(mulțidintreeii-autrimisluiBrooksbastoanenoi,însemndeaprobareaacțiunilorsale),s-aîntorsdupăorealegererăsunătoare.",susținătorii,0.0,670.0
"Încurajatdesusținătoriidinsud(mulțidintreeii-autrimisluiBrooksbastoanenoi,însemndeaprobareaacțiunilorsale),s-aîntorsdupăorealegererăsunătoare.",dintre,0.0,185.0
"Încurajatdesusținătoriidinsud(mulțidintreeii-autrimisluiBrooksbastoanenoi,însemndeaprobareaacțiunilorsale),s-aîntorsdupăorealegererăsunătoare.",răsunătoare,0.125,1261.0
FacețiclicpebutonulMACsauWINatașatpentruadescărcafișierulfontzipuit.,descărca,0.0,370.0
FacețiclicpebutonulMACsauWINatașatpentruadescărcafișierulfontzipuit.,font,0.25,311.0
"Configurațiapoatefi,deasemenea,atribuităpebazapurempiricăaactivitățiioptice.",atribuită,0.125,621.0
"Configurațiapoatefi,deasemenea,atribuităpebazapurempiricăaactivitățiioptice.",pur,0.0,183.0
"Configurațiapoatefi,deasemenea,atribuităpebazapurempiricăaactivitățiioptice.",empirică,0.5,425.0
"Înprezent,unlocesteegalcuaproximativ600000dealegători.",egal,0.0,186.0
"Înprezent,unlocesteegalcuaproximativ600000dealegători.",aproximativ,0.0,985.0
"Înprezent,unlocesteegalcuaproximativ600000dealegători.",alegători,0.0,501.0
"Fonturiledecorativesuntmaipotrivitepentrucaracteredeafișare(maimaride14puncte),întimpcecaracterelemaisimplesuntmaipotrivitepentrutext(maipuținde14puncte).",Fonturile,0.25,874.0
"Fonturiledecorativesuntmaipotrivitepentrucaracteredeafișare(maimaride14puncte),întimpcecaracterelemaisimplesuntmaipotrivitepentrutext(maipuținde14puncte).",potrivite,0.0,556.0
"Fonturiledecorativesuntmaipotrivitepentrucaracteredeafișare(maimaride14puncte),întimpcecaracterelemaisimplesuntmaipotrivitepentrutext(maipuținde14puncte).",simple,0.0,494.0
"Înciudaacestuifapt,putemvedeacăexistăîncăoanumităinteracțiuneîntreDumbledoreșiMcGonagall,McGonagallfiindoinfluențămoderatăasupratuturorpărților,întimpcemanifestăoloialitatefermăfațădeDumbledore.",loialitate,0.125,303.0
"Înciudaacestuifapt,putemvedeacăexistăîncăoanumităinteracțiuneîntreDumbledoreșiMcGonagall,McGonagallfiindoinfluențămoderatăasupratuturorpărților,întimpcemanifestăoloialitatefermăfațădeDumbledore.",fermă,0.0,729.0
"Aufostprodusedrame,comediișitoatecelelalteformededivertisment,precumșiemisiunideștirișimuzică.",comedii,0.0,247.0
"Aufostprodusedrame,comediișitoatecelelalteformededivertisment,precumșiemisiunideștirișimuzică.",divertisment,0.25,540.0
"Aufostprodusedrame,comediișitoatecelelalteformededivertisment,precumșiemisiunideștirișimuzică.",emisiuni,0.0,557.0
Scoateți-lepringăurirefolosindovitezăfoartemicădegăuriresauutilizațiounealtădeextragereașuruburilorpentrușuruburileblocate.,găurire,0.0,482.0
Scoateți-lepringăurirefolosindovitezăfoartemicădegăuriresauutilizațiounealtădeextragereașuruburilorpentrușuruburileblocate.,unealtă,0.25,682.0
Scoateți-lepringăurirefolosindovitezăfoartemicădegăuriresauutilizațiounealtădeextragereașuruburilorpentrușuruburileblocate.,blocate,0.0,620.0
Fiecareparteși-adeterminatnoiipartenerisăsealătureprinoferireadeconcesiiteritoriale.,parteneri,0.0,1124.0
Fiecareparteși-adeterminatnoiipartenerisăsealătureprinoferireadeconcesiiteritoriale.,alăture,0.0,1574.0
Fiecareparteși-adeterminatnoiipartenerisăsealătureprinoferireadeconcesiiteritoriale.,oferirea,0.0,415.0
"Înfiecarean,număruldemembriaiacestuiclubcrește,iarnevoiadelideridegrupurimici,cunoscuțișisubnumeledeFacilitatoridenucleu,încăminecreșteșiea.",numărul,0.0,432.0
"Înfiecarean,număruldemembriaiacestuiclubcrește,iarnevoiadelideridegrupurimici,cunoscuțișisubnumeledeFacilitatoridenucleu,încăminecreșteșiea.",membri,0.0,495.0
"Înfiecarean,număruldemembriaiacestuiclubcrește,iarnevoiadelideridegrupurimici,cunoscuțișisubnumeledeFacilitatoridenucleu,încăminecreșteșiea.",cămine,0.125,247.0
"Lentilelecuzoommotorizate,controlateelectronic,suntamplasateatâtpecameră,câtșipeproiectorșisuntsincronizateîntreele,astfelîncâtambelelentilesămăreascăîmpreunășilaaceeașidistanțăfocalăînoricemoment.",zoom,0.0,407.0
"Lentilelecuzoommotorizate,controlateelectronic,suntamplasateatâtpecameră,câtșipeproiectorșisuntsincronizateîntreele,astfelîncâtambelelentilesămăreascăîmpreunășilaaceeașidistanțăfocalăînoricemoment.",motorizate,0.5,950.0
"Lentilelecuzoommotorizate,controlateelectronic,suntamplasateatâtpecameră,câtșipeproiectorșisuntsincronizateîntreele,astfelîncâtambelelentilesămăreascăîmpreunășilaaceeașidistanțăfocalăînoricemoment.",focală,0.5,309.0
"Condițiiledemediu,cumarficurentulsaugradiențiidetemperaturăfacecabulasăsesepare,determinândformareaadouăbulecareconținconcentrațiisimilaredemateriale.",gradienții,0.5,1184.0
"Patriotcaîntotdeauna,LaurensacontinuatsăîșiserveascănațiuneacaunuldintreceitreireprezentanțiselectațipentruanegociacondițiilelaConferințadepacedelaParisdin1782.",continuat,0.0,925.0
"Patriotcaîntotdeauna,LaurensacontinuatsăîșiserveascănațiuneacaunuldintreceitreireprezentanțiselectațipentruanegociacondițiilelaConferințadepacedelaParisdin1782.",selectați,0.125,664.0
"Patriotcaîntotdeauna,LaurensacontinuatsăîșiserveascănațiuneacaunuldintreceitreireprezentanțiselectațipentruanegociacondițiilelaConferințadepacedelaParisdin1782.",negocia,0.0,373.0
Totceeacestudiațiesteconceputpentruavăpregătipentrusintezeorganiceșialtetransformărichimiceefectuateînlaborator.,pregăti,0.0,370.0
Totceeacestudiațiesteconceputpentruavăpregătipentrusintezeorganiceșialtetransformărichimiceefectuateînlaborator.,transformări,0.125,2248.0
Totceeacestudiațiesteconceputpentruavăpregătipentrusintezeorganiceșialtetransformărichimiceefectuateînlaborator.,efectuate,0.125,1542.0
Exercițiileșisecțiunilederecapitularecontribuieînmodideallaunmodelderepetițieconceput.,contribuie,0.125,909.0
Exercițiileșisecțiunilederecapitularecontribuieînmodideallaunmodelderepetițieconceput.,ideal,0.125,349.0
Exercițiileșisecțiunilederecapitularecontribuieînmodideallaunmodelderepetițieconceput.,repetiție,0.0,1053.0
"Liniilerigidesuntadesearealizatepentruafipresurizatecuazotsauaerdeshidratat,careasigurăundielectricexcelentchiarșilatemperaturileridicategeneratedemiidewațideenergieRF,înspecialîntimpulcălduriiintensedevarășiasoarelui.",deshidratat,0.25,1908.0
"Liniilerigidesuntadesearealizatepentruafipresurizatecuazotsauaerdeshidratat,careasigurăundielectricexcelentchiarșilatemperaturileridicategeneratedemiidewațideenergieRF,înspecialîntimpulcălduriiintensedevarășiasoarelui.",wați,0.25,535.0
"Liniilerigidesuntadesearealizatepentruafipresurizatecuazotsauaerdeshidratat,careasigurăundielectricexcelentchiarșilatemperaturileridicategeneratedemiidewațideenergieRF,înspecialîntimpulcălduriiintensedevarășiasoarelui.",intense,0.125,482.0
"Elcredecăeiexprimăaceleașipreocupăripecarelesimteșiel,darîntr-unmoddiferit,șicăesteobligatmoralsăîitolerezepentrucăsuntmaislabidecâtel.",crede,0.0,233.0
"Elcredecăeiexprimăaceleașipreocupăripecarelesimteșiel,darîntr-unmoddiferit,șicăesteobligatmoralsăîitolerezepentrucăsuntmaislabidecâtel.",moral,0.25,721.0
"Elcredecăeiexprimăaceleașipreocupăripecarelesimteșiel,darîntr-unmoddiferit,șicăesteobligatmoralsăîitolerezepentrucăsuntmaislabidecâtel.",tolereze,0.0,950.0
"AavutundosardeserviciuexemplarșiaprimitprestigioasaCrucedeFier,atâtdeclasaI,câtșideclasaaII-a,șiaobținut,deasemenea,gradulnedistinsdecaporal.",prestigioasa,0.125,1060.0
"AavutundosardeserviciuexemplarșiaprimitprestigioasaCrucedeFier,atâtdeclasaI,câtșideclasaaII-a,șiaobținut,deasemenea,gradulnedistinsdecaporal.",gradul,0.125,475.0
"Deasemenea,afostresponsabildecontrabandăcudrogurișidecrimeșiamituitatâtpoliția,câtșipoliticieniimportanți.",droguri,0.0,733.0
"Deasemenea,afostresponsabildecontrabandăcudrogurișidecrimeșiamituitatâtpoliția,câtșipoliticieniimportanți.",mituit,0.0,805.0
"Deasemenea,afostresponsabildecontrabandăcudrogurișidecrimeșiamituitatâtpoliția,câtșipoliticieniimportanți.",poliția,0.0,309.0
"Unmodeldespideringintenspoateducelablocareaaccesuluilasite,cuprejudicii,aspider-uluisauaIP-uluidumneavoastră.",blocarea,0.0,620.0
"Unmodeldespideringintenspoateducelablocareaaccesuluilasite,cuprejudicii,aspider-uluisauaIP-uluidumneavoastră.",prejudicii,0.5,1281.0
"Cutoateacestea,dacăprogramulesteunfeldeeditorcareruleazăpeundesktop,esteposibilsădorițisăoferițioperatoruluiopțiuneadeasalvainformațiileintrodusecutrudăînlocsăiasădinprogram.",salva,0.125,252.0
"Cutoateacestea,dacăprogramulesteunfeldeeditorcareruleazăpeundesktop,esteposibilsădorițisăoferițioperatoruluiopțiuneadeasalvainformațiileintrodusecutrudăînlocsăiasădinprogram.",trudă,0.125,500.0
"Cutoateacestea,dacăprogramulesteunfeldeeditorcareruleazăpeundesktop,esteposibilsădorițisăoferițioperatoruluiopțiuneadeasalvainformațiileintrodusecutrudăînlocsăiasădinprogram.",iasă,0.0,349.0
"Cutoateacestea,ploileabundenteșipersistenteșifurtunilepotprovocainundațiișiînnămolireasolului,precumșieroziunegravăcauzatădeploi.",abundente,0.125,739.0
"Cutoateacestea,ploileabundenteșipersistenteșifurtunilepotprovocainundațiișiînnămolireasolului,precumșieroziunegravăcauzatădeploi.",persistente,0.125,1590.0
"Cutoateacestea,ploileabundenteșipersistenteșifurtunilepotprovocainundațiișiînnămolireasolului,precumșieroziunegravăcauzatădeploi.",furtunile,0.0,833.0
"Cutoateacestea,îngeneral,estenecesarsăseapliceacestelegilaunvolumdecontrolinfinitezimal,apoisăseutilizezeecuațiilediferențialerezultate.",infinitezimal,0.875,1595.0
"Cutoateacestea,îngeneral,estenecesarsăseapliceacestelegilaunvolumdecontrolinfinitezimal,apoisăseutilizezeecuațiilediferențialerezultate.",diferențiale,0.5,1160.0
"Cutoateacestea,îngeneral,estenecesarsăseapliceacestelegilaunvolumdecontrolinfinitezimal,apoisăseutilizezeecuațiilediferențialerezultate.",rezultate,0.125,493.0
"Cutoateacestea,artrebuisăfieclarcădiferitelungimideundăvorsuferiinterferențeconstructivepentrudiferiteunghiurideincidențăaluminiiprimite.",suferi,0.0,436.0
"Cutoateacestea,artrebuisăfieclarcădiferitelungimideundăvorsuferiinterferențeconstructivepentrudiferiteunghiurideincidențăaluminiiprimite.",constructive,0.5,63.0
"Cutoateacestea,atenuareanupoatemergedecâtpânălanivelulplasticiisinapticeșicorticaleacreierului,deoarecegravitateaADHDdepindeînprincipaldeaspecteleneurobiologice.",sinaptice,0.5,804.0
"Cutoateacestea,atenuareanupoatemergedecâtpânălanivelulplasticiisinapticeșicorticaleacreierului,deoarecegravitateaADHDdepindeînprincipaldeaspecteleneurobiologice.",depinde,0.0,621.0
"Cutoateacestea,atenuareanupoatemergedecâtpânălanivelulplasticiisinapticeșicorticaleacreierului,deoarecegravitateaADHDdepindeînprincipaldeaspecteleneurobiologice.",principal,0.25,554.0
"Peroxiduldehidrogensevadegradaspontanînapășioxigenmolecular,însăprezențaunuicatalizatoraccelereazăaceastăreacțiepânălapunctulîncareafostfolositcasursădecombustibilpentrutorpileșichiarpentrunavespațiale.",Peroxidul,0.25,850.0
"Peroxiduldehidrogensevadegradaspontanînapășioxigenmolecular,însăprezențaunuicatalizatoraccelereazăaceastăreacțiepânălapunctulîncareafostfolositcasursădecombustibilpentrutorpileșichiarpentrunavespațiale.",spontan,0.125,1956.0
"Peroxiduldehidrogensevadegradaspontanînapășioxigenmolecular,însăprezențaunuicatalizatoraccelereazăaceastăreacțiepânălapunctulîncareafostfolositcasursădecombustibilpentrutorpileșichiarpentrunavespațiale.",accelerează,0.125,984.0
"Dacănu,masațiușormușchiulcucrampe,putețiîncerca,deasemenea,săaplicațigheață.",masați,0.125,933.0
"Dacănu,masațiușormușchiulcucrampe,putețiîncerca,deasemenea,săaplicațigheață.",aplicați,0.125,953.0
"Dacăesteposibil,găsițiunapicultordinzonadumneavoastrăcarearputeafidispussăvăghidezesauchiarsăvăîndrumeîntimpulnouluidumneavoastrăinteres.",dispus,0.0,556.0
"Dacăesteposibil,găsițiunapicultordinzonadumneavoastrăcarearputeafidispussăvăghidezesauchiarsăvăîndrumeîntimpulnouluidumneavoastrăinteres.",îndrume,0.0,1157.0
"Dacăesteposibil,găsițiunapicultordinzonadumneavoastrăcarearputeafidispussăvăghidezesauchiarsăvăîndrumeîntimpulnouluidumneavoastrăinteres.",noului,0.0,826.0
"Înîncercareadeaîmbunătățiacuratețea,armataaangajatungrupmaredematematicienipentruacalculacontinuuecuațiilediferențialenecesarepentrurezolvareatabelelordetragerebalistică.",matematicieni,0.125,1766.0
"Înîncercareadeaîmbunătățiacuratețea,armataaangajatungrupmaredematematicienipentruacalculacontinuuecuațiilediferențialenecesarepentrurezolvareatabelelordetragerebalistică.",calcula,0.0,846.0
"Înîncercareadeaîmbunătățiacuratețea,armataaangajatungrupmaredematematicienipentruacalculacontinuuecuațiilediferențialenecesarepentrurezolvareatabelelordetragerebalistică.",continuu,0.25,653.0
"Lamultespeciianualeîncondițiinefavorabiledeuscăciunesaudefrig,existădoarsămânța.",anuale,0.125,681.0
"Lamultespeciianualeîncondițiinefavorabiledeuscăciunesaudefrig,existădoarsămânța.",nefavorabile,0.25,942.0
"Lamultespeciianualeîncondițiinefavorabiledeuscăciunesaudefrig,existădoarsămânța.",există,0.0,350.0
"ÎnnordulEuropei(nordulGermaniei,ȚăriledeJosșiFranța),clasademijlocaveatendințadeafiprotestantă,ceeacecorespundeacueticașifilozofiamuncii.",nordul,0.0,430.0
"ÎnnordulEuropei(nordulGermaniei,ȚăriledeJosșiFranța),clasademijlocaveatendințadeafiprotestantă,ceeacecorespundeacueticașifilozofiamuncii.",tendința,0.25,781.0
"ÎnnordulEuropei(nordulGermaniei,ȚăriledeJosșiFranța),clasademijlocaveatendințadeafiprotestantă,ceeacecorespundeacueticașifilozofiamuncii.",corespundea,0.25,519.0
"Pentruaobțineacestcâmp,cameratrebuiesăfiesuficientdereverberantă,iarfrecvențeletrebuiesăfiesuficientdeînaltepentruaevitaefectelemodurilorpredominante.",suficient,0.0,370.0
"Pentruaobțineacestcâmp,cameratrebuiesăfiesuficientdereverberantă,iarfrecvențeletrebuiesăfiesuficientdeînaltepentruaevitaefectelemodurilorpredominante.",frecvențele,0.5,765.0
"Pentruaobțineacestcâmp,cameratrebuiesăfiesuficientdereverberantă,iarfrecvențeletrebuiesăfiesuficientdeînaltepentruaevitaefectelemodurilorpredominante.",predominante,0.25,823.0
"Închimiaorganică,carbonulesteutilizatfoartefrecvent,astfelîncâtchimiștiiștiucăexistăunatomdecarbonlacapetelefiecăreiliniicarenuesteetichetatăînmodexplicit.",frecvent,0.125,768.0
"Închimiaorganică,carbonulesteutilizatfoartefrecvent,astfelîncâtchimiștiiștiucăexistăunatomdecarbonlacapetelefiecăreiliniicarenuesteetichetatăînmodexplicit.",chimiștii,0.25,665.0
"Înexempluldemaisus,cantitateaconservatăarfișosetele,sistemularfiuscătorul,iarsistemulesteînchisatâtatimpcâtnimeninuintroducesauscoateșosetedinuscător.",introduce,0.125,583.0
"Înetapafinală,unuldintrehidrogeniimoleculeideapălegatăesteatacatdeoaltămoleculădeapă,lăsândunalcool.",moleculei,0.5,1429.0
"Înetapafinală,unuldintrehidrogeniimoleculeideapălegatăesteatacatdeoaltămoleculădeapă,lăsândunalcool.",legată,0.5,1198.0
"Înetapafinală,unuldintrehidrogeniimoleculeideapălegatăesteatacatdeoaltămoleculădeapă,lăsândunalcool.",atacat,0.375,554.0
"Înacestecazuri,rolulagentuluideimplementareestedeafurnizainputuriledebază,inclusiv,darnunumai,capitalulcarevadastartulproiectuluișiîivapermiteacestuiasăcontinuesubpropriulimpulsdupăplecareaagentuluideimplementare.",permite,0.125,560.0
"Înacestsistem,compușiisuntdenumițiprinanalogiecugliceraldehida,ceeaceproduceîngeneraldenumirineambigue,darestecelmaiușordeobservatîncazulmicilorbiomoleculesimilaregliceraldehidei.",analogie,0.125,1112.0
"Înacestsistem,compușiisuntdenumițiprinanalogiecugliceraldehida,ceeaceproduceîngeneraldenumirineambigue,darestecelmaiușordeobservatîncazulmicilorbiomoleculesimilaregliceraldehidei.",ușor,0.0,184.0
"Înacestsistem,compușiisuntdenumițiprinanalogiecugliceraldehida,ceeaceproduceîngeneraldenumirineambigue,darestecelmaiușordeobservatîncazulmicilorbiomoleculesimilaregliceraldehidei.",biomolecule,0.25,1603.0
Încadrulconferințeiaufostprezentatedateleinițialealeanalizeimedicamentuluipentrubolicardiovascularesimvastatin.,prezentate,0.0,717.0
Încadrulconferințeiaufostprezentatedateleinițialealeanalizeimedicamentuluipentrubolicardiovascularesimvastatin.,cardiovasculare,0.25,1558.0
Încadrulconferințeiaufostprezentatedateleinițialealeanalizeimedicamentuluipentrubolicardiovascularesimvastatin.,simvastatin,1.0,1734.0
"Înschimb,treceimediatlabițiideoprire,ceeacereprezintăorecunoaștereafaptuluicăverificareaparitățiilaacestnivelestecuadevăratinutilă.",trece,0.0,1056.0
"Înschimb,treceimediatlabițiideoprire,ceeacereprezintăorecunoaștereafaptuluicăverificareaparitățiilaacestnivelestecuadevăratinutilă.",imediat,0.0,496.0
"Înschimb,treceimediatlabițiideoprire,ceeacereprezintăorecunoaștereafaptuluicăverificareaparitățiilaacestnivelestecuadevăratinutilă.",recunoaștere,0.0,1551.0
"Înlocsăvăbazațipefaptulcăaceștiaaushellpotrivit,putețispecificapurșisimpluceshellartrebuisăfolosească.",bazați,0.0,1162.0
"Înlocsăvăbazațipefaptulcăaceștiaaushellpotrivit,putețispecificapurșisimpluceshellartrebuisăfolosească.",shell,0.875,309.0
"Înlocsăvăbazațipefaptulcăaceștiaaushellpotrivit,putețispecificapurșisimpluceshellartrebuisăfolosească.",specifica,0.125,1345.0
Conexiunileintercelularepermitheterocitelorsătransporteazotulfixatcătrecelulelevecineșisăprimeascăcarbohidrați.,Conexiunile,0.125,1616.0
Conexiunileintercelularepermitheterocitelorsătransporteazotulfixatcătrecelulelevecineșisăprimeascăcarbohidrați.,heterocitelor,0.875,1318.0
Conexiunileintercelularepermitheterocitelorsătransporteazotulfixatcătrecelulelevecineșisăprimeascăcarbohidrați.,fixat,0.5,348.0
"Oaseleneregulateauformedeosebite,nupotfigrupatesubcapeteleprecedenteșisuntfolositepentruatașareamușchilorșipentruarticulații.",grupate,0.0,433.0
"Oaseleneregulateauformedeosebite,nupotfigrupatesubcapeteleprecedenteșisuntfolositepentruatașareamușchilorșipentruarticulații.",precedente,0.25,1050.0
"Oaseleneregulateauformedeosebite,nupotfigrupatesubcapeteleprecedenteșisuntfolositepentruatașareamușchilorșipentruarticulații.",atașarea,0.125,749.0
"Adaugăunbutonlabaradeinstrumentedeeditaredineditoruldesurse,astfelîncâtestecelmaiconvenabilpentrupaginiledediscuțiialeutilizatorilorculegăturiroșii,darpoateeconomisiunclicsaudouășiînaltecazuri,chiardacănuestelafelderapidcaTwinkle.",buton,0.0,233.0
"Adaugăunbutonlabaradeinstrumentedeeditaredineditoruldesurse,astfelîncâtestecelmaiconvenabilpentrupaginiledediscuțiialeutilizatorilorculegăturiroșii,darpoateeconomisiunclicsaudouășiînaltecazuri,chiardacănuestelafelderapidcaTwinkle.",legături,0.625,446.0
"Adaugăunbutonlabaradeinstrumentedeeditaredineditoruldesurse,astfelîncâtestecelmaiconvenabilpentrupaginiledediscuțiialeutilizatorilorculegăturiroșii,darpoateeconomisiunclicsaudouășiînaltecazuri,chiardacănuestelafelderapidcaTwinkle.",clic,0.0,62.0
"S-aspuscăatrebuitsăîșicroiascădrumprinpădurifărăurme,ceeace,fărăîndoială,afostcazulcelpuținînacestoraș.",urme,0.0,493.0
"S-aspuscăatrebuitsăîșicroiascădrumprinpădurifărăurme,ceeace,fărăîndoială,afostcazulcelpuținînacestoraș.",îndoială,0.0,623.0
"S-aspuscăatrebuitsăîșicroiascădrumprinpădurifărăurme,ceeace,fărăîndoială,afostcazulcelpuținînacestoraș.",oraș,0.0,247.0
"Îngeneral,secredecăpilusulesteasamblatdelabazasa,deoareceînmembranacelularăsegăseșteorezervădepilină.",pilusul,0.875,1522.0
"Îngeneral,secredecăpilusulesteasamblatdelabazasa,deoareceînmembranacelularăsegăseșteorezervădepilină.",asamblat,0.125,550.0
"Îngeneral,secredecăpilusulesteasamblatdelabazasa,deoareceînmembranacelularăsegăseșteorezervădepilină.",pilină,0.875,434.0
"Esteimportantcaatuncicândplanificațiolecțiedeînvățaremixtăînclaseleprimaresăvăconcentrațipeounitatedestudiu,apoisăoîmpletițicutehnologia.",mixtă,0.0,554.0
"Esteimportantcaatuncicândplanificațiolecțiedeînvățaremixtăînclaseleprimaresăvăconcentrațipeounitatedestudiu,apoisăoîmpletițicutehnologia.",clasele,0.0,433.0
"Esteimportantcaatuncicândplanificațiolecțiedeînvățaremixtăînclaseleprimaresăvăconcentrațipeounitatedestudiu,apoisăoîmpletițicutehnologia.",împletiți,0.125,650.0
"Esteutilizatdesistemulimunitar,pentrusintezaADN-ului,pentruvindecarearănilorșipentrucreștereașidezvoltareanormalăînperioadelecuactivitatehormonală.",imunitar,0.25,583.0
"Esteutilizatdesistemulimunitar,pentrusintezaADN-ului,pentruvindecarearănilorșipentrucreștereașidezvoltareanormalăînperioadelecuactivitatehormonală.",vindecarea,0.0,614.0
"Esteutilizatdesistemulimunitar,pentrusintezaADN-ului,pentruvindecarearănilorșipentrucreștereașidezvoltareanormalăînperioadelecuactivitatehormonală.",hormonală,0.25,1213.0
"Acestaprezintăînmodrepetatilustrațiialecercetașilorînsceneînsoritedemunte,fărăniciunfeldepălării.",niciun,0.0,557.0
"Afostdescoperitădetonțișidealțivorbitorideenglezăși,pentruovreme,postareaîntreceledouălimbiaînflorit.",descoperită,0.125,800.0
"Afostdescoperitădetonțișidealțivorbitorideenglezăși,pentruovreme,postareaîntreceledouălimbiaînflorit.",postarea,0.125,1088.0
"Văvaducelapaginacarecorespundecereriidumneavoastră,altfelvaafișarezultatelecăutării.",corespunde,0.0,966.0
"Văvaducelapaginacarecorespundecereriidumneavoastră,altfelvaafișarezultatelecăutării.",afișa,0.0,1049.0
"Jamesafostrăsturnat(dinpunctdevederetehnicafostabdicatdeParlament)înRevoluțiaGlorioasădin1688,careaavutlocfărăvărsaredesânge.",răsturnat,0.0,1942.0
"Jamesafostrăsturnat(dinpunctdevederetehnicafostabdicatdeParlament)înRevoluțiaGlorioasădin1688,careaavutlocfărăvărsaredesânge.",tehnic,0.0,431.0
"Înceledinurmă,studiulaanalizatconversiafosfolipidelorbogateînpolinesaturateîntriacilglicerideprinintermediuluneicăiafosfolipazeiC.",analizat,0.125,494.0
"Înceledinurmă,studiulaanalizatconversiafosfolipidelorbogateînpolinesaturateîntriacilglicerideprinintermediuluneicăiafosfolipazeiC.",bogate,0.0,1149.0
"Înceledinurmă,studiulaanalizatconversiafosfolipidelorbogateînpolinesaturateîntriacilglicerideprinintermediuluneicăiafosfolipazeiC.",fosfolipazei,0.875,2865.0
"Cașiîncazulcreăriidetablourifărăalocaredinamică,programatorultrebuiesăinițializezetabloulcuvalorisensibileînaintedea-lutiliza.",tablouri,0.5,433.0
"Cașiîncazulcreăriidetablourifărăalocaredinamică,programatorultrebuiesăinițializezetabloulcuvalorisensibileînaintedea-lutiliza.",dinamică,0.25,664.0
"Cașiîncazulcreăriidetablourifărăalocaredinamică,programatorultrebuiesăinițializezetabloulcuvalorisensibileînaintedea-lutiliza.",tabloul,0.5,245.0
"PoștaestegeneratăinterndecătresistemulPostfixînsuși,pentruanotificapoștașuldespreoproblemă(aceastăcaleeste,deasemenea,indicatăcusăgeatafărăetichetă).",generată,0.25,347.0
"PoștaestegeneratăinterndecătresistemulPostfixînsuși,pentruanotificapoștașuldespreoproblemă(aceastăcaleeste,deasemenea,indicatăcusăgeatafărăetichetă).",notifica,0.125,369.0
"PoștaestegeneratăinterndecătresistemulPostfixînsuși,pentruanotificapoștașuldespreoproblemă(aceastăcaleeste,deasemenea,indicatăcusăgeatafărăetichetă).",poștașul,0.0,677.0
"Multeprotistedeapădulceauvacuolecontractilecarepompeazăexcesuldeapădincelulă,menținândastfeloconcentrațieadecvatădeionișimoleculeîninteriorulcelulei.",vacuole,0.75,1474.0
"Multeprotistedeapădulceauvacuolecontractilecarepompeazăexcesuldeapădincelulă,menținândastfeloconcentrațieadecvatădeionișimoleculeîninteriorulcelulei.",astfel,0.0,572.0
"Utilizareamodernăaemoticoanelorîndiscuțiileelectronicesedatorează,îngeneral,uneipropuneridin1982.>>",emoticoanelor,0.0,620.0
"Utilizareamodernăaemoticoanelorîndiscuțiileelectronicesedatorează,îngeneral,uneipropuneridin1982.>>",electronice,0.125,928.0
"Utilizareamodernăaemoticoanelorîndiscuțiileelectronicesedatorează,îngeneral,uneipropuneridin1982.>>",datorează,0.125,432.0
"CelemaimulteinterogăriDNS(cumarficererilederezolvareanumelui)utilizeazăconexiuniUDP,deoarececantitateadedatetransferateestemică,iarstabilireasesiuniiarintroduceuntraficșiosarcinăinutileasupraserverelordenume.",introduce,0.0,583.0
"CelemaimulteinterogăriDNS(cumarficererilederezolvareanumelui)utilizeazăconexiuniUDP,deoarececantitateadedatetransferateestemică,iarstabilireasesiuniiarintroduceuntraficșiosarcinăinutileasupraserverelordenume.",trafic,0.25,398.0
"CelemaimulteinterogăriDNS(cumarficererilederezolvareanumelui)utilizeazăconexiuniUDP,deoarececantitateadedatetransferateestemică,iarstabilireasesiuniiarintroduceuntraficșiosarcinăinutileasupraserverelordenume.",inutile,0.0,2381.0
"Aproapedesfârșitulrăzboiului,GermaniaîncearcăsăluptepentruoultimăluptăcuAliații.",încearcă,0.0,384.0
"Aproapedesfârșitulrăzboiului,GermaniaîncearcăsăluptepentruoultimăluptăcuAliații.",lupte,0.0,202.0
"Aproapedesfârșitulrăzboiului,GermaniaîncearcăsăluptepentruoultimăluptăcuAliații.",luptă,0.0,1165.0
"Douăsaumaimultestatenuvorîncheianiciuntratat,confederațiesaualianțăîntreele,fărăconsimțământulStatelorUniteînCongresulreunit,specificândcuexactitatescopurilepentrucareseîncheieșiduratadevalabilitateaacestuia.",alianță,0.125,699.0
"Douăsaumaimultestatenuvorîncheianiciuntratat,confederațiesaualianțăîntreele,fărăconsimțământulStatelorUniteînCongresulreunit,specificândcuexactitatescopurilepentrucareseîncheieșiduratadevalabilitateaacestuia.",exactitate,0.125,1624.0
"Douăsaumaimultestatenuvorîncheianiciuntratat,confederațiesaualianțăîntreele,fărăconsimțământulStatelorUniteînCongresulreunit,specificândcuexactitatescopurilepentrucareseîncheieșiduratadevalabilitateaacestuia.",scopurile,0.0,1188.0
"Adesea,paginiledediscuțiialesubiectelorcontroversatepotfifoarteintensutilizate.",discuții,0.0,1246.0
"Adesea,paginiledediscuțiialesubiectelorcontroversatepotfifoarteintensutilizate.",subiectelor,0.0,999.0
"Adesea,paginiledediscuțiialesubiectelorcontroversatepotfifoarteintensutilizate.",intens,0.0,369.0
"Peparteagermană,însă,s-aformatundecalajîntrecelemaivesticecorpuridearmată,iarînaintarearapidăaepuizattrupele.",vestice,0.0,350.0
"Peparteagermană,însă,s-aformatundecalajîntrecelemaivesticecorpuridearmată,iarînaintarearapidăaepuizattrupele.",înaintarea,0.0,495.0
"Peparteagermană,însă,s-aformatundecalajîntrecelemaivesticecorpuridearmată,iarînaintarearapidăaepuizattrupele.",rapidă,0.0,432.0
"Unlucruimportantdemenționatestefaptulcăcaracterelepentrunumeralesuntreprezentatediferitdenumărullorcorespunzător,i.e.",menționat,0.0,743.0
"Unlucruimportantdemenționatestefaptulcăcaracterelepentrunumeralesuntreprezentatediferitdenumărullorcorespunzător,i.e.",corespunzător,0.125,870.0
"Chimiaorganicăseconcentreazăasupracarbonuluișiurmăreștemișcareaelectronilorînlanțurileșiineleledecarbon,precumșimodulîncareelectroniisuntîmpărțițicualțiatomidecarbonșiheteroatomi.",concentrează,0.0,821.0
"Chimiaorganicăseconcentreazăasupracarbonuluișiurmăreștemișcareaelectronilorînlanțurileșiineleledecarbon,precumșimodulîncareelectroniisuntîmpărțițicualțiatomidecarbonșiheteroatomi.",împărțiți,0.0,1485.0
"Chimiaorganicăseconcentreazăasupracarbonuluișiurmăreștemișcareaelectronilorînlanțurileșiineleledecarbon,precumșimodulîncareelectroniisuntîmpărțițicualțiatomidecarbonșiheteroatomi.",atomi,0.25,334.0
"Întimp,carneaseînmoaieșiîșidezvoltămaimultgustul,iarpentruanumitetipuridecarneacestprocespoatefiprelungitcugrijăprintr-unprocesnumitînvechire.",înmoaie,0.0,482.0
"Întimp,carneaseînmoaieșiîșidezvoltămaimultgustul,iarpentruanumitetipuridecarneacestprocespoatefiprelungitcugrijăprintr-unprocesnumitînvechire.",prelungit,0.0,883.0
"Întimp,carneaseînmoaieșiîșidezvoltămaimultgustul,iarpentruanumitetipuridecarneacestprocespoatefiprelungitcugrijăprintr-unprocesnumitînvechire.",grijă,0.0,426.0
"Proiecteledelegeprivateafecteazăoanumităcompanie,persoanăsaualtăentitate(deexemplu,autorizareaunorconstrucțiimajorepeanumiteterenuripublice).",entitate,0.25,439.0
"Proiecteledelegeprivateafecteazăoanumităcompanie,persoanăsaualtăentitate(deexemplu,autorizareaunorconstrucțiimajorepeanumiteterenuripublice).",construcții,0.0,301.0
"Proiecteledelegeprivateafecteazăoanumităcompanie,persoanăsaualtăentitate(deexemplu,autorizareaunorconstrucțiimajorepeanumiteterenuripublice).",anumite,0.0,965.0
"Cudimensiunivariate,delalacuridemaridimensiunișivăiînchiselaiazuriînminiatură,acestedepresiuniaufostlăsatedegheațaîngropatăcares-atopitînceledinurmă.",lacuri,0.0,867.0
"Cudimensiunivariate,delalacuridemaridimensiunișivăiînchiselaiazuriînminiatură,acestedepresiuniaufostlăsatedegheațaîngropatăcares-atopitînceledinurmă.",depresiuni,0.5,1609.0
"Cudimensiunivariate,delalacuridemaridimensiunișivăiînchiselaiazuriînminiatură,acestedepresiuniaufostlăsatedegheațaîngropatăcares-atopitînceledinurmă.",urmă,0.0,498.0
"Nuuitațicătextulvacurgeșisevaînfășuradiferitpentrualțiutilizatori,înfuncțiedebrowserulalesrezoluțiaecranului,dimensiuneaimplicităafontului,opțiuniledeaccesibilitate,număruldebaredeinstrumenteșibarelaterale(cumarfipanouriledemesagerieinstantanee)șialtele.",înfășura,0.25,372.0
"Nuuitațicătextulvacurgeșisevaînfășuradiferitpentrualțiutilizatori,înfuncțiedebrowserulalesrezoluțiaecranului,dimensiuneaimplicităafontului,opțiuniledeaccesibilitate,număruldebaredeinstrumenteșibarelaterale(cumarfipanouriledemesagerieinstantanee)șialtele.",ales,0.0,334.0
"Nuuitațicătextulvacurgeșisevaînfășuradiferitpentrualțiutilizatori,înfuncțiedebrowserulalesrezoluțiaecranului,dimensiuneaimplicităafontului,opțiuniledeaccesibilitate,număruldebaredeinstrumenteșibarelaterale(cumarfipanouriledemesagerieinstantanee)șialtele.",implicită,0.25,432.0
Respirațiadesalvareesteutilizatădacăvictimanuîncepesărespireatuncicândsedeschidcăilerespiratorii.,Respirația,0.125,617.0
Respirațiadesalvareesteutilizatădacăvictimanuîncepesărespireatuncicândsedeschidcăilerespiratorii.,victima,0.0,558.0
Respirațiadesalvareesteutilizatădacăvictimanuîncepesărespireatuncicândsedeschidcăilerespiratorii.,începe,0.0,701.0
"Tampoanelesensibilealedegetelornoastre,folositecaantenetactile,detecteazăceamaimicătresărire,încordaresauezitarederăspuns.",degetelor,0.0,1341.0
"Tampoanelesensibilealedegetelornoastre,folositecaantenetactile,detecteazăceamaimicătresărire,încordaresauezitarederăspuns.",mică,0.0,248.0
"Tampoanelesensibilealedegetelornoastre,folositecaantenetactile,detecteazăceamaimicătresărire,încordaresauezitarederăspuns.",ezitare,0.0,433.0
"Eaaranjeazăîmprumutulunuireparatordelaunconcurent,darîntretimporganizeazăunnumărmaredeoameniculanterneîntr-unsistemmanualdesemnalizare.",aranjează,0.0,635.0
"Eaaranjeazăîmprumutulunuireparatordelaunconcurent,darîntretimporganizeazăunnumărmaredeoameniculanterneîntr-unsistemmanualdesemnalizare.",organizează,0.0,1425.0
"Eaaranjeazăîmprumutulunuireparatordelaunconcurent,darîntretimporganizeazăunnumărmaredeoameniculanterneîntr-unsistemmanualdesemnalizare.",manual,0.0,1002.0
"FusesesurprinsădefaptulcăTaggarttrecuseîntr-ozi,dinsenin,princameraeidemahala.",surprinsă,0.0,618.0
"FusesesurprinsădefaptulcăTaggarttrecuseîntr-ozi,dinsenin,princameraeidemahala.",trecuse,0.0,372.0
"FusesesurprinsădefaptulcăTaggarttrecuseîntr-ozi,dinsenin,princameraeidemahala.",mahala,0.0,843.0
"Deoarecemajoritateamanualelorsuntelaboratedecătresaupebazacontribuțiilorexperțilorîndomeniu,aceastăcerințăeste,deobicei,binerespectată.",manualelor,0.0,1055.0
"Deoarecemajoritateamanualelorsuntelaboratedecătresaupebazacontribuțiilorexperțilorîndomeniu,aceastăcerințăeste,deobicei,binerespectată.",contribuțiilor,0.0,1168.0
"Deoarecemajoritateamanualelorsuntelaboratedecătresaupebazacontribuțiilorexperțilorîndomeniu,aceastăcerințăeste,deobicei,binerespectată.",respectată,0.125,858.0
Deoareceideeaelementarădefuncțiiestemaibineînțeleasădinpunctdevedereclasicovomfolosiîncontinuare.,elementară,0.25,1051.0
Deoareceideeaelementarădefuncțiiestemaibineînțeleasădinpunctdevedereclasicovomfolosiîncontinuare.,înțeleasă,0.0,246.0
Deoareceideeaelementarădefuncțiiestemaibineînțeleasădinpunctdevedereclasicovomfolosiîncontinuare.,clasic,0.125,498.0
"Uneledintreacestevariațiisereferălacomisioane,protecțiaîmpotrivadescoperirilordecont,soldurileminime,legăturilepermiseîntreconturi(deexemplu,conturicurenteșideeconomii)șiregulilededeschidereacontului.",descoperirilor,0.375,2213.0
"Uneledintreacestevariațiisereferălacomisioane,protecțiaîmpotrivadescoperirilordecont,soldurileminime,legăturilepermiseîntreconturi(deexemplu,conturicurenteșideeconomii)șiregulilededeschidereacontului.",minime,0.125,453.0
"Uneledintreacestevariațiisereferălacomisioane,protecțiaîmpotrivadescoperirilordecont,soldurileminime,legăturilepermiseîntreconturi(deexemplu,conturicurenteșideeconomii)șiregulilededeschidereacontului.",curente,0.125,1222.0
"Esteposibilcaunelepărțisănufieconsumateniciodată,iaraltelenusuntprocesateînmodnormalcașicarnecușerînStateleUnite,dincauzamunciisuplimentarepecareoimplică.",normal,0.0,599.0
"Esteposibilcaunelepărțisănufieconsumateniciodată,iaraltelenusuntprocesateînmodnormalcașicarnecușerînStateleUnite,dincauzamunciisuplimentarepecareoimplică.",carne,0.0,818.0
"Esteposibilcaunelepărțisănufieconsumateniciodată,iaraltelenusuntprocesateînmodnormalcașicarnecușerînStateleUnite,dincauzamunciisuplimentarepecareoimplică.",cușer,0.75,682.0
"Uniieleviconsiderăcăablativulestedificil,deoareceuneoriseamănăcunominativulsingular,cudativulpluralsaucuniciunuldintreacestea.",ablativul,0.75,685.0
"Uniieleviconsiderăcăablativulestedificil,deoareceuneoriseamănăcunominativulsingular,cudativulpluralsaucuniciunuldintreacestea.",nominativul,0.25,1367.0
"Uniieleviconsiderăcăablativulestedificil,deoareceuneoriseamănăcunominativulsingular,cudativulpluralsaucuniciunuldintreacestea.",dativul,0.125,370.0
Oțelurilesuntadeseasupuselaovarietatedetratamentetermiceconceputepentruaproducediversecombinațiidefazestabileșimetastabilealefierului.,termice,0.125,617.0
Oțelurilesuntadeseasupuselaovarietatedetratamentetermiceconceputepentruaproducediversecombinațiidefazestabileșimetastabilealefierului.,stabile,0.0,496.0
Oțelurilesuntadeseasupuselaovarietatedetratamentetermiceconceputepentruaproducediversecombinațiidefazestabileșimetastabilealefierului.,metastabile,0.75,3101.0
Oastfeldecavitatepoateoferinumeroaseavantajefuncționale.,cavitate,0.125,435.0
Oastfeldecavitatepoateoferinumeroaseavantajefuncționale.,numeroase,0.0,497.0
Oastfeldecavitatepoateoferinumeroaseavantajefuncționale.,funcționale,0.25,556.0
"Unastfeldeaccesarputeafiutilizatpentruautentificarealaconectare,creareaunuinoucontdeutilizatorsausalvareadeinformațiitextualepentruafirecuperateșistudiateînviitor.",conectare,0.125,1181.0
"Unastfeldeaccesarputeafiutilizatpentruautentificarealaconectare,creareaunuinoucontdeutilizatorsausalvareadeinformațiitextualepentruafirecuperateșistudiateînviitor.",textuale,0.125,633.0
"Unastfeldeaccesarputeafiutilizatpentruautentificarealaconectare,creareaunuinoucontdeutilizatorsausalvareadeinformațiitextualepentruafirecuperateșistudiateînviitor.",recuperate,0.125,51.0
"SuzukiPureharpesteunuldintremicilemodeledeproducțiecaresuntacoperiteînlemn,ceeaceproduceunsunetmoaleșiplăcut.",micile,0.0,855.0
"SuzukiPureharpesteunuldintremicilemodeledeproducțiecaresuntacoperiteînlemn,ceeaceproduceunsunetmoaleșiplăcut.",plăcut,0.0,417.0
"Romanii,careaufolositinițialaceststil,l-auconsideratgreoișigreudemanevratpeterenulmuntosșiaccidentatalItaliei.",stil,0.0,666.0
"Romanii,careaufolositinițialaceststil,l-auconsideratgreoișigreudemanevratpeterenulmuntosșiaccidentatalItaliei.",manevrat,0.25,1224.0
Clătireacualcoolnuîndepărteazăcristalulvioletcaremascheazăcolorantulroșusafaninadăugat.,Clătirea,0.125,1904.0
Clătireacualcoolnuîndepărteazăcristalulvioletcaremascheazăcolorantulroșusafaninadăugat.,alcool,0.125,247.0
Clătireacualcoolnuîndepărteazăcristalulvioletcaremascheazăcolorantulroșusafaninadăugat.,maschează,0.125,1042.0
"Undapurtătoareestefiltrată,iarundifuzorcântăînfuncțiedeamplitudineasemnalului.",filtrată,0.25,600.0
"Undapurtătoareestefiltrată,iarundifuzorcântăînfuncțiedeamplitudineasemnalului.",difuzor,0.25,601.0
"Undapurtătoareestefiltrată,iarundifuzorcântăînfuncțiedeamplitudineasemnalului.",amplitudinea,0.5,2044.0
ElementulcentralalmănăstiriirenovateafostunaltardedicatluiEdward.,central,0.0,327.0
ElementulcentralalmănăstiriirenovateafostunaltardedicatluiEdward.,mănăstirii,0.0,1182.0
ElementulcentralalmănăstiriirenovateafostunaltardedicatluiEdward.,renovate,0.0,1308.0
"TabloulclasicPlayfairesteformatdinpatrualfabete,deobiceiînaranjamentpătrat,douătexteînclarșidouătextecifrate.",Tabloul,0.25,899.0
"TabloulclasicPlayfairesteformatdinpatrualfabete,deobiceiînaranjamentpătrat,douătexteînclarșidouătextecifrate.",format,0.0,248.0
"TabloulclasicPlayfairesteformatdinpatrualfabete,deobiceiînaranjamentpătrat,douătexteînclarșidouătextecifrate.",aranjament,0.25,1350.0
"Lucrareacombinatătrebuiesăconținădoarunsingurexemplaralprezenteilicențe,iarsecțiunileinvariabilemultipleșiidenticepotfiînlocuitecuunsingurexemplar.",combinată,0.0,884.0
"Lucrareacombinatătrebuiesăconținădoarunsingurexemplaralprezenteilicențe,iarsecțiunileinvariabilemultipleșiidenticepotfiînlocuitecuunsingurexemplar.",identice,0.125,1102.0
"Lucrareacombinatătrebuiesăconținădoarunsingurexemplaralprezenteilicențe,iarsecțiunileinvariabilemultipleșiidenticepotfiînlocuitecuunsingurexemplar.",înlocuite,0.0,860.0
"Diagnosticuldeschizofrenienuartrebuipusînprezențaunorsimptomedepresivesaumaniacaleextinse,cuexcepțiacazuluiîncareesteclarcăsimptomeleschizofrenicesuntanterioaretulburărilorafective.",Diagnosticul,0.125,934.0
"Diagnosticuldeschizofrenienuartrebuipusînprezențaunorsimptomedepresivesaumaniacaleextinse,cuexcepțiacazuluiîncareesteclarcăsimptomeleschizofrenicesuntanterioaretulburărilorafective.",depresive,0.25,633.0
"Diagnosticuldeschizofrenienuartrebuipusînprezențaunorsimptomedepresivesaumaniacaleextinse,cuexcepțiacazuluiîncareesteclarcăsimptomeleschizofrenicesuntanterioaretulburărilorafective.",anterioare,0.125,1690.0
"Întreagaaplicațieasamblatăesteplatformalor,iarbirourilepersonaluluiafectatreprezintădomeniulțintăpentrumuncalor.",personalului,0.25,1482.0
"Întreagaaplicațieasamblatăesteplatformalor,iarbirourilepersonaluluiafectatreprezintădomeniulțintăpentrumuncalor.",afectat,0.0,717.0
"Întreagaaplicațieasamblatăesteplatformalor,iarbirourilepersonaluluiafectatreprezintădomeniulțintăpentrumuncalor.",domeniul,0.125,483.0
"Vacuolaalimentarăformată,apoifuzioneazăcuunlizozomșidigerăalimentele.",formată,0.125,369.0
"Vacuolaalimentarăformată,apoifuzioneazăcuunlizozomșidigerăalimentele.",fuzionează,0.5,633.0
"Vacuolaalimentarăformată,apoifuzioneazăcuunlizozomșidigerăalimentele.",digeră,0.125,449.0
"Formareaacestuiintermediarșireacțiaulterioarăau,îngeneral,obarierădeenergiedeactivaremultmaimicădecâtceanecesarăpentrureacțiadirectădetransformareareactanțilorînproduși.",intermediar,0.125,1618.0
"Formareaacestuiintermediarșireacțiaulterioarăau,îngeneral,obarierădeenergiedeactivaremultmaimicădecâtceanecesarăpentrureacțiadirectădetransformareareactanțilorînproduși.",ulterioară,0.25,1053.0
"Formareaacestuiintermediarșireacțiaulterioarăau,îngeneral,obarierădeenergiedeactivaremultmaimicădecâtceanecesarăpentrureacțiadirectădetransformareareactanțilorînproduși.",barieră,0.5,849.0
Chitaraesteuninstrumentdetranspozițieșiestenotatăcuooctavămaisusdecâtînălțimeasarealăpentruaevitautilizareaclapeidebasînnotațiastandard.,transpoziție,0.5,2101.0
Chitaraesteuninstrumentdetranspozițieșiestenotatăcuooctavămaisusdecâtînălțimeasarealăpentruaevitautilizareaclapeidebasînnotațiastandard.,clapei,0.125,558.0
Chitaraesteuninstrumentdetranspozițieșiestenotatăcuooctavămaisusdecâtînălțimeasarealăpentruaevitautilizareaclapeidebasînnotațiastandard.,notația,0.25,1265.0
SenzorulHallșiinductorulutilizeazăoproprietateacâmpuluimagneticpentruadetectacurentulprintr-unconductordinapropiere.,Senzorul,0.25,818.0
SenzorulHallșiinductorulutilizeazăoproprietateacâmpuluimagneticpentruadetectacurentulprintr-unconductordinapropiere.,Hall,0.875,306.0
SenzorulHallșiinductorulutilizeazăoproprietateacâmpuluimagneticpentruadetectacurentulprintr-unconductordinapropiere.,magnetic,0.125,492.0
"Eroulafostapoichematsăparticipelacelde-aldoilearitcelalcuceririi,învingândpegeneralulmercenarClaudius.",rit,0.5,624.0
"Eroulafostapoichematsăparticipelacelde-aldoilearitcelalcuceririi,învingândpegeneralulmercenarClaudius.",mercenar,0.25,863.0
Analizatorullexicalesteparteadincompilatorcareeliminăspațiilealbeșialtecaracterecarenusuntcompilabiledincodulsursă.,lexical,0.25,1099.0
Analizatorullexicalesteparteadincompilatorcareeliminăspațiilealbeșialtecaracterecarenusuntcompilabiledincodulsursă.,caractere,0.125,1234.0
Principalulmotivpentrucarenusepermitmaimulteieșiricuaceeașiintrareesteacelacănepermitesăaplicămaceeașifuncțieladiferiteformealeaceluiașilucrufărăaschimbaechivalențaacestora.,ieșiri,0.5,335.0
Principalulmotivpentrucarenusepermitmaimulteieșiricuaceeașiintrareesteacelacănepermitesăaplicămaceeașifuncțieladiferiteformealeaceluiașilucrufărăaschimbaechivalențaacestora.,schimba,0.0,434.0
Principalulmotivpentrucarenusepermitmaimulteieșiricuaceeașiintrareesteacelacănepermitesăaplicămaceeașifuncțieladiferiteformealeaceluiașilucrufărăaschimbaechivalențaacestora.,echivalența,0.25,1281.0
"Majoritateaalgelormarine,cumarfikelps(algebrunefoartemaridinordinulLaminariales),înciudauneiastfeldeaparențesuperficiale,nuautulpiniadevărate,frunze,rădăcinișiniciunfeldesistemvascular,așacumsegăseștelaplantelesuperioare.",brune,0.125,370.0
"Majoritateaalgelormarine,cumarfikelps(algebrunefoartemaridinordinulLaminariales),înciudauneiastfeldeaparențesuperficiale,nuautulpiniadevărate,frunze,rădăcinișiniciunfeldesistemvascular,așacumsegăseștelaplantelesuperioare.",superficiale,0.125,796.0
"Majoritateaalgelormarine,cumarfikelps(algebrunefoartemaridinordinulLaminariales),înciudauneiastfeldeaparențesuperficiale,nuautulpiniadevărate,frunze,rădăcinișiniciunfeldesistemvascular,așacumsegăseștelaplantelesuperioare.",vascular,0.5,1267.0
"Adouazi,întimpulFajrSalaah,l-aînjunghiatpeSayyidunaUmar(radiAllahuanhu)de6oriînspate,rănindgravpecalif.",înjunghiat,0.0,1608.0
"Adouazi,întimpulFajrSalaah,l-aînjunghiatpeSayyidunaUmar(radiAllahuanhu)de6oriînspate,rănindgravpecalif.",grav,0.0,249.0
"Parteanordicăacontinentului,careacoperăomarepartedinSiberia,era,deasemenea,inaccesibilănomazilordinstepădincauzapădurilordenseșiatundrei.",acoperă,0.0,248.0
"Parteanordicăacontinentului,careacoperăomarepartedinSiberia,era,deasemenea,inaccesibilănomazilordinstepădincauzapădurilordenseșiatundrei.",nomazilor,0.125,1456.0
"Parteanordicăacontinentului,careacoperăomarepartedinSiberia,era,deasemenea,inaccesibilănomazilordinstepădincauzapădurilordenseșiatundrei.",stepă,0.25,1111.0
"Motivulpentrucareleziunilehipotalamiceafecteazăgrăsimeacorporalășicomportamentulalimentarare,defapt,multde-afacecusemnalizarealeptinei.",hipotalamice,0.875,1420.0
"Motivulpentrucareleziunilehipotalamiceafecteazăgrăsimeacorporalășicomportamentulalimentarare,defapt,multde-afacecusemnalizarealeptinei.",afectează,0.125,567.0
"Motivulpentrucareleziunilehipotalamiceafecteazăgrăsimeacorporalășicomportamentulalimentarare,defapt,multde-afacecusemnalizarealeptinei.",leptinei,0.75,510.0
Descriereaconfigurațieirelativeesteîncăutilizatăînprincipalînglicochimie.,Descrierea,0.0,1743.0
Descriereaconfigurațieirelativeesteîncăutilizatăînprincipalînglicochimie.,configurației,0.25,1706.0
Descriereaconfigurațieirelativeesteîncăutilizatăînprincipalînglicochimie.,principal,0.0,808.0
"Acelașiprincipiuseaplica,desigur,șilareflexulcuunsingurobiectiv,darprimeleSLR-uriauprovocatîntârzierișineplăceridincauzanecesitățiideamutaoglindaînafaraplanuluifocalpentruapermiteluminiisăajungălaplacadinspateleei.",neplăceri,0.0,750.0
"Acelașiprincipiuseaplica,desigur,șilareflexulcuunsingurobiectiv,darprimeleSLR-uriauprovocatîntârzierișineplăceridincauzanecesitățiideamutaoglindaînafaraplanuluifocalpentruapermiteluminiisăajungălaplacadinspateleei.",planului,0.5,1070.0
"Acelașiprincipiuseaplica,desigur,șilareflexulcuunsingurobiectiv,darprimeleSLR-uriauprovocatîntârzierișineplăceridincauzanecesitățiideamutaoglindaînafaraplanuluifocalpentruapermiteluminiisăajungălaplacadinspateleei.",placa,0.5,201.0
Mărimearazeideaggrovariazăuneoriînfuncțiedefacțiuneșideconșipoatefisfericăînanumitemedii.,aggro,0.875,765.0
Mărimearazeideaggrovariazăuneoriînfuncțiedefacțiuneșideconșipoatefisfericăînanumitemedii.,facțiune,0.875,668.0
Mărimearazeideaggrovariazăuneoriînfuncțiedefacțiuneșideconșipoatefisfericăînanumitemedii.,sferică,0.25,683.0
"Teatrulacontribuitcustrigătedramatice,inclusivcelealeluiMaryOtisWarren.",Teatrul,0.0,998.0
"Teatrulacontribuitcustrigătedramatice,inclusivcelealeluiMaryOtisWarren.",contribuit,0.0,667.0
"Teatrulacontribuitcustrigătedramatice,inclusivcelealeluiMaryOtisWarren.",dramatice,0.0,990.0
"Există,deasemenea,diferitestilurideeditareînsensulcâtdeîndrăznețisuntdispușisăfieoamenii.",stiluri,0.0,333.0
"Există,deasemenea,diferitestilurideeditareînsensulcâtdeîndrăznețisuntdispușisăfieoamenii.",editare,0.125,473.0
"Există,deasemenea,diferitestilurideeditareînsensulcâtdeîndrăznețisuntdispușisăfieoamenii.",îndrăzneți,0.0,634.0
"Esteclarcăestenevoiedeostructurădiferităacărților,deoareceacesteasuntdestinatesăfie(celpuținînceledinurmă)tipăriteși,prinurmare,artrebuisăaibăunstilliniar.",destinate,0.125,1273.0
"Esteclarcăestenevoiedeostructurădiferităacărților,deoareceacesteasuntdestinatesăfie(celpuținînceledinurmă)tipăriteși,prinurmare,artrebuisăaibăunstilliniar.",tipărite,0.0,617.0
"Esteclarcăestenevoiedeostructurădiferităacărților,deoareceacesteasuntdestinatesăfie(celpuținînceledinurmă)tipăriteși,prinurmare,artrebuisăaibăunstilliniar.",liniar,0.25,628.0
Existăoușoarătendințădeatacdinparteaopusăahalogenului.,ușoară,0.0,437.0
Existăoușoarătendințădeatacdinparteaopusăahalogenului.,tendință,0.25,491.0
Existăoușoarătendințădeatacdinparteaopusăahalogenului.,opusă,0.0,401.0
"Deasemenea,esteposibilsăexistetaxedelicențăseparatepentrudistribuțiadeformatededatemultimediabrevetate,cumarfiimaginileGIF,care,dacănuînfapt,celpuțindinpunctdevederefilozofic,încalcăprincipiileGFDL,împiedicându-văsăutilizațiliberimagineasaufotografia.",taxe,0.0,232.0
"Deasemenea,esteposibilsăexistetaxedelicențăseparatepentrudistribuțiadeformatededatemultimediabrevetate,cumarfiimaginileGIF,care,dacănuînfapt,celpuțindinpunctdevederefilozofic,încalcăprincipiileGFDL,împiedicându-văsăutilizațiliberimagineasaufotografia.",brevetate,0.5,919.0
"Deasemenea,esteposibilsăexistetaxedelicențăseparatepentrudistribuțiadeformatededatemultimediabrevetate,cumarfiimaginileGIF,care,dacănuînfapt,celpuțindinpunctdevederefilozofic,încalcăprincipiileGFDL,împiedicându-văsăutilizațiliberimagineasaufotografia.",filozofic,0.25,1187.0
"Prinurmare,indiferentcâtdemultargoufolosițiînlimbadvs.maternă,limitareautilizăriiargouluiînlimbafranceză(proporționalcuniveluldvs.defluență)valimita,deasemenea,câtdemultsuntețitratatcucondescendențășiamuzamentdecătreascultătoriinativi.",limitarea,0.125,469.0
"Prinurmare,indiferentcâtdemultargoufolosițiînlimbadvs.maternă,limitareautilizăriiargouluiînlimbafranceză(proporționalcuniveluldvs.defluență)valimita,deasemenea,câtdemultsuntețitratatcucondescendențășiamuzamentdecătreascultătoriinativi.",condescendență,0.5,3384.0
"Acesteasunt,înprincipal,liniidirectoareprivindcomportamentuladministratorilor,darpotfiutileatuncicândavețiunlitigiuserioscuadministratoriisaucândvăadresațicomisarilorșiuneicomisiidearbitraj.",litigiu,0.5,426.0
"Acesteasunt,înprincipal,liniidirectoareprivindcomportamentuladministratorilor,darpotfiutileatuncicândavețiunlitigiuserioscuadministratoriisaucândvăadresațicomisarilorșiuneicomisiidearbitraj.",administratorii,0.5,766.0
"Acesteasunt,înprincipal,liniidirectoareprivindcomportamentuladministratorilor,darpotfiutileatuncicândavețiunlitigiuserioscuadministratoriisaucândvăadresațicomisarilorșiuneicomisiidearbitraj.",comisarilor,0.5,1125.0
"Acestestiluridepachetenusedescurcăbineîmpotrivapachetelorcuoricetipdedezorganizaresaucontrol,așacăînprezentnuaupartedepreamultjoc.",pachete,0.25,803.0
"Acestestiluridepachetenusedescurcăbineîmpotrivapachetelorcuoricetipdedezorganizaresaucontrol,așacăînprezentnuaupartedepreamultjoc.",pachetelor,0.25,833.0
"Acestediagrametrebuieinterpretatecaniștehărțitopografice,undeliniilereprezintăcurbedenivelconstante.",interpretate,0.0,716.0
"Acestediagrametrebuieinterpretatecaniștehărțitopografice,undeliniilereprezintăcurbedenivelconstante.",topografice,0.25,679.0
"Acestediagrametrebuieinterpretatecaniștehărțitopografice,undeliniilereprezintăcurbedenivelconstante.",constante,0.125,314.0
"Îngeneral,leestemaibinesăîșifoloseascăNe-ul,precumșicapacitățilederaționamentaleluiTi,pentruaaflaadevărul,decâtsăsebazezepetradițiileSi.",capacitățile,0.25,932.0
"Îngeneral,leestemaibinesăîșifoloseascăNe-ul,precumșicapacitățilederaționamentaleluiTi,pentruaaflaadevărul,decâtsăsebazezepetradițiileSi.",afla,0.0,407.0
"Îngeneral,leestemaibinesăîșifoloseascăNe-ul,precumșicapacitățilederaționamentaleluiTi,pentruaaflaadevărul,decâtsăsebazezepetradițiileSi.",bazeze,0.0,309.0
"Acesteatransformăenergiasolarăînenergiechimicăprinabsorbțialuminiișiutilizareaacesteiapentruastimulasintezacompușilororganici,cumarfizahărul,dindioxiddecarbonșiapă.",absorbția,0.125,667.0
"Acesteatransformăenergiasolarăînenergiechimicăprinabsorbțialuminiișiutilizareaacesteiapentruastimulasintezacompușilororganici,cumarfizahărul,dindioxiddecarbonșiapă.",luminii,0.0,496.0
"Acesteatransformăenergiasolarăînenergiechimicăprinabsorbțialuminiișiutilizareaacesteiapentruastimulasintezacompușilororganici,cumarfizahărul,dindioxiddecarbonșiapă.",organici,0.25,1132.0
Eiaulăsatînurmăoprofețieconformcăreialumeasevasfârșila21decembrie2012șivaavealoccelde-alcincileacicluallumii.,profeție,0.125,967.0
Eiaulăsatînurmăoprofețieconformcăreialumeasevasfârșila21decembrie2012șivaavealoccelde-alcincileacicluallumii.,avea,0.0,249.0
Eiaulăsatînurmăoprofețieconformcăreialumeasevasfârșila21decembrie2012șivaavealoccelde-alcincileacicluallumii.,cincilea,0.0,335.0
"Auproduspeste90%dinfilmeledeficțiunedinAmericașiși-audistribuitfilmeleatâtlanivelnațional,câtșiinternațional.",filmele,0.0,400.0
"Auproduspeste90%dinfilmeledeficțiunedinAmericașiși-audistribuitfilmeleatâtlanivelnațional,câtșiinternațional.",distribuit,0.125,1458.0
"Auproduspeste90%dinfilmeledeficțiunedinAmericașiși-audistribuitfilmeleatâtlanivelnațional,câtșiinternațional.",național,0.0,554.0
"Acestlucruseîntâmplătottimpulînviselemele,darseparecăeucredcăpotfaceastacuadevărat,iarvisulcontinuăînmodnelucid.",întâmplă,0.0,357.0
"Aceastaincludepredarea,practicageneralăamedicinei,cercetareamedicală,domeniilereligioase,antreprenoriatul,muncamisionară,muncasocială,dezvoltareacomunitară,artelecreative,actoria,radiodifuziunea,consultanța,coaching-ul,formareacorporatistă,relațiilepublice,consilierea,publicitateașimarketingul.",religioase,0.0,1361.0
"Aceastaincludepredarea,practicageneralăamedicinei,cercetareamedicală,domeniilereligioase,antreprenoriatul,muncamisionară,muncasocială,dezvoltareacomunitară,artelecreative,actoria,radiodifuziunea,consultanța,coaching-ul,formareacorporatistă,relațiilepublice,consilierea,publicitateașimarketingul.",creative,0.0,370.0
"Aceastaincludepredarea,practicageneralăamedicinei,cercetareamedicală,domeniilereligioase,antreprenoriatul,muncamisionară,muncasocială,dezvoltareacomunitară,artelecreative,actoria,radiodifuziunea,consultanța,coaching-ul,formareacorporatistă,relațiilepublice,consilierea,publicitateașimarketingul.",corporatistă,0.25,1405.0
"AcestlucruesteFOARTE,FOARTEdiferitdemodelelepasivedecitireatextuluiîntr-omanierăliniarădemareviteză,careseaseamănăcuîncercareadeaforțacreierulsăgăseascăunsenslaomiedegloanțecaretreccuviteză.",aseamănă,0.0,1299.0
"AcestlucruesteFOARTE,FOARTEdiferitdemodelelepasivedecitireatextuluiîntr-omanierăliniarădemareviteză,careseaseamănăcuîncercareadeaforțacreierulsăgăseascăunsenslaomiedegloanțecaretreccuviteză.",gloanțe,0.125,310.0
"AcestlucruesteFOARTE,FOARTEdiferitdemodelelepasivedecitireatextuluiîntr-omanierăliniarădemareviteză,careseaseamănăcuîncercareadeaforțacreierulsăgăseascăunsenslaomiedegloanțecaretreccuviteză.",trec,0.0,186.0
Aceastaestedoarunadintrenumeroaselerealizărialeinginerieicarene-aupermissăcuantificămșisăînțelegemgenaumanășimodulîncareaceastaestelegatădenutriție.,realizări,0.0,1773.0
Aceastaestedoarunadintrenumeroaselerealizărialeinginerieicarene-aupermissăcuantificămșisăînțelegemgenaumanășimodulîncareaceastaestelegatădenutriție.,ingineriei,0.25,988.0
Aceastaestedoarunadintrenumeroaselerealizărialeinginerieicarene-aupermissăcuantificămșisăînțelegemgenaumanășimodulîncareaceastaestelegatădenutriție.,cuantificăm,0.5,964.0
Aceastăproblemăaagitatteologiișifilozofiitimpdesecoleșinuafostniciodatărezolvatăînmodsatisfăcător.,teologii,0.5,620.0
Aceastăproblemăaagitatteologiișifilozofiitimpdesecoleșinuafostniciodatărezolvatăînmodsatisfăcător.,filozofii,0.25,624.0
Aceastăproblemăaagitatteologiișifilozofiitimpdesecoleșinuafostniciodatărezolvatăînmodsatisfăcător.,satisfăcător,0.125,1046.0
"DeșiHarryvadevenioexcepție,existăunaltelev,deasemeneaorfanșivrăjitortalentat,căruiaDumbledorei-aacordatșieloatențiesporită,deșinuînacelașimodcaîncazulluiHarry.",orfan,0.0,368.0
"DeșiHarryvadevenioexcepție,existăunaltelev,deasemeneaorfanșivrăjitortalentat,căruiaDumbledorei-aacordatșieloatențiesporită,deșinuînacelașimodcaîncazulluiHarry.",talentat,0.0,677.0
"DeșiHarryvadevenioexcepție,existăunaltelev,deasemeneaorfanșivrăjitortalentat,căruiaDumbledorei-aacordatșieloatențiesporită,deșinuînacelașimodcaîncazulluiHarry.",acordat,0.125,1201.0
"Pentruaatenuaproblemeledeindexare,expresiasizeof()esteutilizatăînadesealacodificareabuclelorcareproceseazăarray-uri.",atenua,0.125,553.0
"Pentruaatenuaproblemeledeindexare,expresiasizeof()esteutilizatăînadesealacodificareabuclelorcareproceseazăarray-uri.",codificarea,0.25,1017.0
Atrăicompletînacestmodîntr-osocietateurbanizatășiindustrialăînseamnăateretragelaperiferie.,urbanizată,0.125,950.0
Atrăicompletînacestmodîntr-osocietateurbanizatășiindustrialăînseamnăateretragelaperiferie.,retrage,0.0,550.0
Atrăicompletînacestmodîntr-osocietateurbanizatășiindustrialăînseamnăateretragelaperiferie.,periferie,0.375,632.0
"Pentruasefamiliarizacudemonstrațiamatematicăși,deasemenea,cuuneleconceptematematicedebază,cititoriipotcitiwikibookDemonstrațiematematică.",matematice,0.0,929.0
"Pentruasefamiliarizacudemonstrațiamatematicăși,deasemenea,cuuneleconceptematematicedebază,cititoriipotcitiwikibookDemonstrațiematematică.",cititorii,0.0,993.0
"Pentruasefamiliarizacudemonstrațiamatematicăși,deasemenea,cuuneleconceptematematicedebază,cititoriipotcitiwikibookDemonstrațiematematică.",wikibook,0.625,1090.0
"PânălaînceputulsecoluluialXIX-lea,naturaliștiișioameniideștiințăauobservatdiferențeesențialeîntrecompușiicareproveneaudinființeviișiceicarenuproveneaudinființevii.",știință,0.0,619.0
"PânălaînceputulsecoluluialXIX-lea,naturaliștiișioameniideștiințăauobservatdiferențeesențialeîntrecompușiicareproveneaudinființeviișiceicarenuproveneaudinființevii.",observat,0.125,614.0
"PânălaînceputulsecoluluialXIX-lea,naturaliștiișioameniideștiințăauobservatdiferențeesențialeîntrecompușiicareproveneaudinființeviișiceicarenuproveneaudinființevii.",esențiale,0.0,1072.0
"FoloseșteaceleașiformedeacorduricașiOpenE,darestemaiușorpentrugâtulchitarei,deoarececorzilesuntdezacordate,reducândtensiunea.",acorduri,0.25,1122.0
"FoloseșteaceleașiformedeacorduricașiOpenE,darestemaiușorpentrugâtulchitarei,deoarececorzilesuntdezacordate,reducândtensiunea.",chitarei,0.0,1035.0
"FoloseșteaceleașiformedeacorduricașiOpenE,darestemaiușorpentrugâtulchitarei,deoarececorzilesuntdezacordate,reducândtensiunea.",reducând,0.0,918.0
"StăpâniirăzboiuluidinnumeroaseleprovinciialeChineisedușmăneauînmodconstant,iarguvernulcentraleraslabșidescentralizat,neputândfacenimicpentruaopriconflictul.",constant,0.125,1316.0
"StăpâniirăzboiuluidinnumeroaseleprovinciialeChineisedușmăneauînmodconstant,iarguvernulcentraleraslabșidescentralizat,neputândfacenimicpentruaopriconflictul.",central,0.25,927.0
"StăpâniirăzboiuluidinnumeroaseleprovinciialeChineisedușmăneauînmodconstant,iarguvernulcentraleraslabșidescentralizat,neputândfacenimicpentruaopriconflictul.",neputând,0.0,1535.0
"Cutoateacestea,WashingtonuladevenitfoarteîngrijoratdefaptulcăpartidelecomunistelocalearputeacâștigaputereaînFranța,ItaliașiGrecialasfârșitulanilor1940,avândînvederestareaprecarăaeconomieieuropenepostbeliceșiapropiereadeUniunieaSovietică.",câștiga,0.0,644.0
"Cutoateacestea,WashingtonuladevenitfoarteîngrijoratdefaptulcăpartidelecomunistelocalearputeacâștigaputereaînFranța,ItaliașiGrecialasfârșitulanilor1940,avândînvederestareaprecarăaeconomieieuropenepostbeliceșiapropiereadeUniunieaSovietică.",postbelice,0.25,750.0
"Cutoateacestea,WashingtonuladevenitfoarteîngrijoratdefaptulcăpartidelecomunistelocalearputeacâștigaputereaînFranța,ItaliașiGrecialasfârșitulanilor1940,avândînvederestareaprecarăaeconomieieuropenepostbeliceșiapropiereadeUniunieaSovietică.",apropierea,0.0,2039.0
"Urmărițicâinelepentruavăasiguracănuscuipăpastiladupăceamâncatrecompensa(dacăseîntâmplăacestlucru,vatrebuisăforțațipastila,așacumestedescrismaijos).",scuipă,0.0,184.0
"Urmărițicâinelepentruavăasiguracănuscuipăpastiladupăceamâncatrecompensa(dacăseîntâmplăacestlucru,vatrebuisăforțațipastila,așacumestedescrismaijos).",pastila,0.0,433.0
"Urmărițicâinelepentruavăasiguracănuscuipăpastiladupăceamâncatrecompensa(dacăseîntâmplăacestlucru,vatrebuisăforțațipastila,așacumestedescrismaijos).",descris,0.0,630.0
"Amdiscutatdejadespreuneledintreacestea,însăcunoaștereaseturiloradaugăonouădefinițiepentrufiecaredintreurmătoareleidei.",cunoașterea,0.0,1001.0
"Amdiscutatdejadespreuneledintreacestea,însăcunoaștereaseturiloradaugăonouădefinițiepentrufiecaredintreurmătoareleidei.",adaugă,0.0,1641.0
"Amdiscutatdejadespreuneledintreacestea,însăcunoaștereaseturiloradaugăonouădefinițiepentrufiecaredintreurmătoareleidei.",definiție,0.0,692.0
Recomandămaceastălicențăînprincipalpentrulucrărialcărorscopestedeinstruiresaudereferință.,principal,0.0,1593.0
Recomandămaceastălicențăînprincipalpentrulucrărialcărorscopestedeinstruiresaudereferință.,căror,0.0,349.0
Recomandămaceastălicențăînprincipalpentrulucrărialcărorscopestedeinstruiresaudereferință.,instruire,0.0,2102.0
"Pierdereaîngreutatenecesităcaaportuldecaloriisăfiemaimicdecâtproducțiadecalorii,deșiniciunadintreacesteanutrebuiesăfiefăcutălaextrem.",aportul,0.25,481.0
"Pierdereaîngreutatenecesităcaaportuldecaloriisăfiemaimicdecâtproducțiadecalorii,deșiniciunadintreacesteanutrebuiesăfiefăcutălaextrem.",niciuna,0.0,310.0
"Pierdereaîngreutatenecesităcaaportuldecaloriisăfiemaimicdecâtproducțiadecalorii,deșiniciunadintreacesteanutrebuiesăfiefăcutălaextrem.",extrem,0.0,283.0
"Cândajungladestinație,cuterasaumbrităîncălavedere,desfășorprosoapeleșimăîntindconfortabilpescaunulînclinat.>>",terasa,0.0,566.0
"Cândajungladestinație,cuterasaumbrităîncălavedere,desfășorprosoapeleșimăîntindconfortabilpescaunulînclinat.>>",umbrită,0.0,847.0
"Cândajungladestinație,cuterasaumbrităîncălavedere,desfășorprosoapeleșimăîntindconfortabilpescaunulînclinat.>>",desfășor,0.0,494.0
"Atuncicânduntextnususțineaceastăregulă,chiarșiunelevsârguinciosestenevoitsărepeteinutilmaterialul.",susține,0.125,1244.0
"Atuncicânduntextnususțineaceastăregulă,chiarșiunelevsârguinciosestenevoitsărepeteinutilmaterialul.",sârguincios,0.125,2394.0
"Atuncicânduntextnususțineaceastăregulă,chiarșiunelevsârguinciosestenevoitsărepeteinutilmaterialul.",inutil,0.125,885.0
"Cutoateacestea,faptulcăscorbutulestecauzatdelipsavitamineicafostdescoperitabiaîn1932.",scorbutul,0.75,988.0
"Cutoateacestea,faptulcăscorbutulestecauzatdelipsavitamineicafostdescoperitabiaîn1932.",cauzat,0.0,496.0
"Cutoateacestea,faptulcăscorbutulestecauzatdelipsavitamineicafostdescoperitabiaîn1932.",vitaminei,0.25,783.0
"Putețiextrageunsingurdocumentdintr-oastfeldecolecțieșiîlputețidistribuiindividualîntemeiulprezenteilicențe,cucondițiasăinserațiocopieaprezenteilicențeîndocumentulextrasșisărespectațiprezentalicențăîntoatecelelalteprivințeînceeacepriveștecopiereatextualăadocumentuluirespectiv.",inserați,0.5,284.0
"Putețiextrageunsingurdocumentdintr-oastfeldecolecțieșiîlputețidistribuiindividualîntemeiulprezenteilicențe,cucondițiasăinserațiocopieaprezenteilicențeîndocumentulextrasșisărespectațiprezentalicențăîntoatecelelalteprivințeînceeacepriveștecopiereatextualăadocumentuluirespectiv.",copie,0.0,398.0
"Putețiextrageunsingurdocumentdintr-oastfeldecolecțieșiîlputețidistribuiindividualîntemeiulprezenteilicențe,cucondițiasăinserațiocopieaprezenteilicențeîndocumentulextrasșisărespectațiprezentalicențăîntoatecelelalteprivințeînceeacepriveștecopiereatextualăadocumentuluirespectiv.",extras,0.0,177.0
"Acorduriledvs.juridiceartrebuisătreacăprinmaimulteiterațiiînprocesulderedactare,fiecareiterațiesimplificândtermeniișiîmbunătățindlizibilitateașiutilizabilitateaacestora.",juridice,0.25,617.0
"Acorduriledvs.juridiceartrebuisătreacăprinmaimulteiterațiiînprocesulderedactare,fiecareiterațiesimplificândtermeniișiîmbunătățindlizibilitateașiutilizabilitateaacestora.",redactare,0.25,804.0
"Acorduriledvs.juridiceartrebuisătreacăprinmaimulteiterațiiînprocesulderedactare,fiecareiterațiesimplificândtermeniișiîmbunătățindlizibilitateașiutilizabilitateaacestora.",îmbunătățind,0.0,965.0
