SentenceNumber,Word,totalReadingTime
,,
1,Este,269
1,clar,551
1,că,65
1,este,651
1,nevoie,317
1,de,231
1,structură,803
1,diferită,495
1,a,124
1,"cărților,",491
1,deoarece,373
1,acestea,613
1,sunt,319
1,"urmare,",403
1,liniar.,628
1,destinate,1273
1,să,50
1,fie,123
1,(cel,246
1,puțin,185
1,în,184
1,cele,311
1,din,307
1,urmă),369
1,tipărite,617
1,"și,",123
1,prin,311
1,ar,51
1,trebui,481
1,aibă,585
1,stil,183
1,un,400
,,
2,Pentru,496
2,a,61
2,atenua,553
2,problemele,741
2,de,227
2,"indexare,",602
2,expresia,566
2,sizeof(),564
2,este,287
2,utilizată,370
2,în,123
2,mod,1300
2,obișnuit,537
2,la,101
2,codificarea,1017
2,buclelor,832
2,care,557
2,procesează,554
2,array-uri.,474
,,
3,Partea,1430
3,nordică,658
3,a,123
3,"continentului,",1150
3,care,557
3,acoperă,248
3,o,309
3,mare,308
3,parte,558
3,din,365
3,"Siberia,",1034
3,"era,",383
3,de,353
3,tundrei.,1177
3,"asemenea,",801
3,inaccesibilă,1324
3,nomazilor,1456
3,stepă,1111
3,cauza,516
3,pădurilor,998
3,dense,577
3,și,125
,,
4,Fonturile,874
4,decorative,1108
4,sunt,310
4,mai,186
4,potrivite,556
4,pentru,742
4,caractere,916
4,de,617
4,afișare,865
4,(mai,493
4,mari,316
4,14,311
4,puțin,734
4,în,198
4,"puncte),",1118
4,timp,304
4,ce,255
4,caracterele,1312
4,simple,494
4,text,187
4,puncte).,497
,,
5,Aceste,369
5,diagrame,1174
5,trebuie,358
5,interpretate,716
5,ca,285
5,niște,333
5,hărți,552
5,"topografice,",679
5,unde,249
5,liniile,1120
5,reprezintă,1148
5,curbe,384
5,de,52
5,nivel,166
5,constante.,314
5,A,62
5,fost,497
5,descoperită,800
5,de,125
5,goons,1674
5,și,123
5,alți,185
5,vorbitori,430
5,engleză,740
5,"și,",123
5,pentru,307
5,o,246
5,"vreme,",1242
5,postarea,1088
5,între,400
5,cele,349
5,două,200
5,limbi,384
5,a,167
5,înflorit.,469
,,
6,Respirația,617
6,de,317
6,salvare,984
6,este,184
6,utilizată,434
6,dacă,308
6,victima,558
6,nu,113
6,începe,701
6,să,168
6,respire,299
6,atunci,940
6,când,1239
6,se,63
6,deschid,1238
6,căile,437
6,respiratorii.,1794
,,
7,Ambele,1393
7,utilizează,1372
7,intensiv,679
7,funcțiile,748
7,matematice,1066
7,pentru,351
7,a,156
7,descrie,566
7,și,112
7,prezice,552
7,lucru,428
7,acest,446
7,"continue,",726
7,unor,435
7,sunt,345
7,fizice,909
7,fenomene,1177
7,care,350
7,supuse,952
7,schimbări,744
7,iar,168
7,necesită,1087
7,calculului.,1349
7,utilizarea,747
,,
8,Ei,187
8,au,184
8,lăsat,996
8,în,248
8,urmă,882
8,o,101
8,profeție,967
8,conform,359
8,căreia,1431
8,lumea,248
8,se,245
8,va,60
8,sfârși,485
8,la,181
8,21,199
8,decembrie,519
8,2012,1323
8,și,435
8,avea,249
8,loc,300
8,cel,115
8,de-al,284
8,cincilea,335
8,ciclu,398
8,al,283
8,lumii.,168
,,
9,Unda,746
9,purtătoare,1148
9,este,284
9,"filtrată,",600
9,iar,233
9,un,217
9,difuzor,601
9,cântă,431
9,în,186
9,funcție,434
9,de,125
9,amplitudinea,2044
9,semnalului.,879
,,
10,Recomandăm,1326
10,această,500
10,licență,398
10,în,102
10,principal,1593
10,pentru,308
10,lucrări,848
10,al,217
10,căror,349
10,scop,382
10,este,202
10,de,269
10,instruire,2102
10,sau,547
10,referință.,448
,,
11,În,1200
11,loc,217
11,să,124
11,vă,517
11,bazați,1162
11,pe,300
11,faptul,1663
11,că,557
11,aceștia,488
11,au,186
11,shell-ul,675
11,"potrivit,",371
11,puteți,183
11,specifica,1345
11,pur,335
11,și,101
11,simplu,585
11,ce,124
11,shell,309
11,ar,122
11,trebui,371
11,folosească.,901
11,din,1620
,,
12,Întotdeauna,1856
12,"patriot,",678
12,Laurens,868
12,a,123
12,continuat,925
12,să,185
12,își,185
12,servească,592
12,națiunea,817
12,ca,168
12,unul,433
12,dintre,458
12,cei,1179
12,1782,1270
12,trei,186
12,reprezentanți,901
12,selectați,664
12,pentru,1228
12,negocia,373
12,condițiile,622
12,la,167
12,Conferința,1148
12,de,802
12,pace,269
12,Paris,369
12,din,434
,,
13,Fiecare,308
13,parte,396
13,și-a,232
13,determinat,1268
13,noii,215
13,parteneri,1124
13,să,186
13,se,369
13,alăture,1574
13,prin,266
13,oferirea,415
13,de,64
13,concesii,1175
13,teritoriale.,978
13,În,61
13,încercarea,1235
13,de,217
13,a,61
13,îmbunătăți,1224
13,"acuratețea,",1465
13,armata,556
13,angajat,431
13,un,244
13,grup,272
13,mare,483
13,pentru,1104
13,diferențiale,860
13,continuu,653
13,calcula,846
13,matematicieni,1766
13,ecuațiile,615
13,necesare,437
13,rezolvarea,866
13,tabelelor,599
13,tragere,347
13,balistică.,681
,,
14,Capitolul,1098
14,al,102
14,doilea,217
14,investighează,1537
14,această,615
14,legătură,1247
14,puțin,282
14,mai,217
14,"amănunțit,",398
14,discutând,1178
14,gimnastica,677
14,mentală,682
14,a,115
14,rezolvării,749
14,problemelor.,1112
,,
15,Tabloul,899
15,clasic,183
15,Playfair,997
15,este,124
15,format,248
15,din,370
15,patru,620
15,"alfabete,",823
15,de,686
15,obicei,450
15,în,61
15,aranjament,1350
15,"pătrat,",1451
15,două,492
15,texte,245
15,clar,246
15,și,62
15,cifrate.,747
,,
16,Deoarece,552
16,un,515
16,singur,603
16,reflector,534
16,parabolic,1000
16,atinge,665
16,o,122
16,precizie,371
16,de,246
16,focalizare,1438
16,mai,551
16,mare,557
16,decât,601
16,ceea,285
16,temperatură,1494
16,orice,797
16,banc,806
16,"oglinzi,",809
16,focalizarea,851
16,este,282
16,folosită,673
16,pentru,495
16,a,123
16,permite,866
16,"ridicată,",649
16,ce,218
16,conversie,1662
16,foarte,851
16,eficientă,717
16,căldurii,1115
16,în,62
16,generator,1069
16,mecanică,1173
16,energie,493
16,acționa,474
16,electric.,668
,,
17,Teatrul,998
17,a,102
17,contribuit,667
17,cu,191
17,strigăte,738
17,"dramatice,",990
17,inclusiv,185
17,cele,250
17,ale,124
17,lui,371
17,Mary,247
17,Otis,432
17,Warren.,820
,,
18,Aproape,801
18,de,123
18,sfârșitul,672
18,"războiului,",1799
18,Germania,599
18,încearcă,384
18,să,266
18,lupte,202
18,pentru,364
18,o,125
18,ultimă,494
18,luptă,1165
18,Aliații.,634
,,
19,Oțelurile,1176
19,sunt,432
19,adesea,555
19,supuse,558
19,la,1050
19,o,101
19,varietate,1006
19,de,186
19,tratamente,867
19,termice,617
19,concepute,677
19,pentru,1303
19,a,617
19,produce,369
19,diverse,745
19,combinații,929
19,faze,374
19,stabile,496
19,și,186
19,metastabile,3101
19,ale,373
19,fierului.,498
,,
20,Până,301
20,în,231
20,anii,168
20,"1960,",433
20,tot,167
20,mai,355
20,multe,307
20,trimiteri,676
20,poștale,500
20,erau,184
20,francate,1679
20,cu,177
20,aparate,480
20,de,248
20,taxat,558
20,tradiționale.,751
20,decât,619
20,timbre,333
20,adezive,750
,,
21,Lucrarea,1125
21,combinată,884
21,trebuie,318
21,să,165
21,conțină,377
21,doar,248
21,un,186
21,singur,433
21,exemplar,370
21,al,62
21,prezentei,869
21,"licențe,",744
21,exemplar.,2377
21,iar,310
21,secțiunile,616
21,invariabile,741
21,multiple,712
21,și,165
21,identice,1102
21,pot,234
21,fi,115
21,înlocuite,860
21,cu,122
,,
22,În,311
22,"timp,",434
22,carnea,664
22,se,166
22,înmoaie,482
22,și,51
22,își,549
22,dezvoltă,536
22,mai,557
22,mult,248
22,"gustul,",681
22,iar,214
22,pentru,499
22,anumite,533
22,tipuri,832
22,învechire.,904
22,carne,683
22,de,373
22,acest,542
22,proces,373
22,poate,151
22,fi,232
22,prelungit,883
22,cu,118
22,grijă,426
22,printr-un,804
22,numit,430
,,
23,James,559
23,a,100
23,fost,307
23,răsturnat,1942
23,(din,189
23,punct,435
23,de,124
23,vedere,372
23,"tehnic,",431
23,reținut,1067
23,Parlament),1404
23,în,126
23,sânge.,561
23,fără,436
23,Revoluția,992
23,Glorioasă,1241
23,din,245
23,"1688,",491
23,care,682
23,avut,118
23,loc,600
23,vărsare,907
,,
24,Ca,318
24,și,417
24,în,63
24,cazul,62
24,creării,2008
24,de,316
24,tablouri,433
24,fără,701
24,alocare,1703
24,"dinamică,",664
24,programatorul,1651
24,trebuie,724
24,utiliza.,1304
24,înainte,263
24,sensibile,1146
24,valori,953
24,tabloul,245
24,inițializeze,2237
24,cu,187
24,a-l,499
,,
25,A,516
25,trăi,1527
25,complet,309
25,în,246
25,acest,373
25,mod,251
25,într-o,611
25,societate,450
25,urbanizată,950
25,și,100
25,industrială,829
25,înseamnă,1240
25,a,61
25,te,124
25,periferie.,632
25,la,165
25,retrage,550
,,
26,Stăpânii,618
26,războiului,803
26,din,248
26,numeroasele,1259
26,provincii,683
26,ale,166
26,Chinei,619
26,se,178
26,dușmăneau,1304
26,în,61
26,mod,435
26,"descentralizat,",1590
26,era,303
26,guvernul,517
26,"constant,",1316
26,iar,218
26,central,927
26,slab,370
26,și,63
26,neputând,1535
26,face,248
26,nimic,309
26,pentru,1207
26,conflictul.,582
26,opri,485
,,
27,A,116
27,doua,1050
27,"zi,",116
27,în,431
27,timpul,493
27,Fajr,683
27,"Salaah,",868
27,l-a,249
27,înjunghiat,1608
27,pe,311
27,Sayyiduna,1111
27,Umar,431
27,(radi,344
27,Allahu,642
27,anhu),435
27,grav,249
27,rănindu-l,494
27,"spate,",309
27,de,124
27,6,63
27,ori,123
27,calif.,1436
,,
28,Deoarece,1219
28,ideea,248
28,elementară,1051
28,de,122
28,funcții,250
28,este,497
28,mai,561
28,bine,314
28,înțeleasă,246
28,din,125
28,punct,307
28,vedere,743
28,continuare.,547
28,în,344
28,vom,176
28,o,123
28,"clasic,",498
28,folosi,68
,,
29,Această,333
29,problemă,748
29,a,116
29,agitat,309
29,teologii,620
29,și,118
29,filozofii,624
29,timp,1118
29,secole,411
29,de,124
29,nu,99
29,fost,201
29,niciodată,1250
29,satisfăcător.,1046
29,în,252
29,rezolvată,743
29,mod,309
,,
30,Dacă,225
30,este,497
30,"posibil,",310
30,găsiți,308
30,un,186
30,apicultor,775
30,din,114
30,zona,219
30,dumneavoastră,1728
30,care,246
30,ar,63
30,putea,309
30,fi,123
30,dispus,556
30,noului,826
30,timpul,725
30,vă,445
30,sau,279
30,ghideze,994
30,să,317
30,chiar,500
30,îndrume,1157
30,în,62
30,interes.,1000
,,
31,Deși,754
31,necesită,600
31,"disciplină,",600
31,este,275
31,extrem,371
31,de,115
31,important,742
31,să,129
31,se,101
31,lucreze,534
31,sistematic,601
31,în,648
31,sens,517
31,"persoană,",726
31,pentru,424
31,acestora.,361
31,"timp,",1083
31,invers,700
31,epuizând,1703
31,toate,412
31,sursele,373
31,înregistrări,1118
31,fiecare,377
31,înainte,1002
31,a,216
31,ocupa,433
31,părinții,520
31,și,247
31,bunicii,370
,,
32,Scoateți-le,1861
32,prin,225
32,găurire,1749
32,folosind,352
,,
33,Scoateți-le,1623
33,prin,123
33,găurire,482
33,folosind,620
33,o,63
33,viteză,371
33,foarte,410
33,mică,218
33,de,314
33,sau,369
33,utilizați,488
33,unealtă,682
33,extragere,564
33,șuruburilor,1370
33,pentru,434
33,șuruburile,1504
33,blocate.,620
,,
34,Pe,1057
34,lângă,776
34,faptul,433
34,că,101
34,a,114
34,fost,1299
34,regină,383
34,Regatului,789
34,Unit,244
34,al,434
34,Marii,249
34,Britanii,431
34,și,187
34,"Irlandei,",399
34,primul,669
34,monarh,555
34,care,185
34,folosit,185
34,titlul,307
34,de,290
34,Împărăteasă,486
34,Indiei.,502
,,
35,"Adesea,",991
35,paginile,559
35,de,123
35,discuții,1246
35,ale,153
35,subiectelor,999
35,controversate,702
35,pot,308
35,fi,311
35,foarte,186
35,intens,369
35,utilizate.,1255
,,
36,Elementul,1726
36,central,327
36,al,105
36,mănăstirii,1182
36,renovate,1308
36,a,63
36,fost,246
36,un,122
36,altar,187
36,dedicat,310
36,lui,332
36,Edward.,268
,,
37,Mulți,1150
37,protiști,1922
37,de,434
37,apă,309
37,dulce,370
37,au,123
37,vacuole,1474
37,contractile,1630
37,care,309
37,pompează,866
37,excesul,869
37,din,248
37,interiorul,1792
37,menținând,1166
37,"celulă,",809
37,astfel,572
37,o,61
37,concentrație,1675
37,adecvată,495
37,ioni,248
37,și,373
37,molecule,620
37,în,308
37,celulei.,559
,,
38,Prin,557
38,"urmare,",484
38,indiferent,1381
38,cât,179
38,de,462
38,mult,664
38,argou,561
38,folosiți,555
38,în,122
38,limba,353
38,dvs.,372
38,"maternă,",732
38,limitarea,469
38,utilizării,1295
38,argoului,679
38,franceză,817
38,(proporțional,1190
38,cu,65
38,nivelul,622
38,fluență),429
38,va,61
38,"limita,",1029
38,ascultătorii,1877
38,"asemenea,",892
38,sunteți,1499
38,tratat,318
38,condescendență,3384
38,și,544
38,râsul,316
38,către,600
38,nativi.,267
,,
39,Dacă,864
39,"nu,",622
39,masați,933
39,ușor,331
39,mușchiul,1574
39,"înghesuit,",739
39,puteți,434
39,"încerca,",772
39,de,116
39,"asemenea,",567
39,să,232
39,aplicați,953
39,gheață.,682
,,
40,Analizatorul,1938
40,lexical,1099
40,este,477
40,partea,375
40,din,368
40,compilator,993
40,care,496
40,elimină,555
40,spațiile,370
40,albe,1395
40,și,52
40,alte,1114
40,caractere,1234
40,necompilabile,2170
40,codul,529
40,sursă.,500
,,
41,Atunci,1177
41,când,313
41,un,167
41,text,116
41,nu,517
41,susține,1244
41,această,308
41,"regulă,",1056
41,chiar,248
41,și,243
41,elev,267
41,sârguincios,2394
41,este,371
41,nevoit,621
41,materialul.,1340
41,inutil,885
41,repete,582
41,să,168
,,
42,Cu,311
42,toate,311
42,"acestea,",433
42,Washingtonul,1181
42,a,124
42,devenit,632
42,foarte,334
42,îngrijorat,989
42,de,373
42,faptul,311
42,că,61
42,partidele,1214
42,sfârșitul,695
42,"Franța,",421
42,câștiga,644
42,ar,255
42,locale,1231
42,comuniste,951
42,putea,369
42,puterea,616
42,în,123
42,Italia,433
42,și,60
42,Grecia,490
42,la,123
42,anilor,584
42,postbelice,750
42,europene,1327
42,economiei,912
42,precară,1526
42,starea,575
42,vedere,830
42,având,562
42,"1940,",1637
42,apropierea,2039
42,Uniunii,628
42,Sovietice.,310
,,
43,După,550
43,"război,",317
43,Hitler,367
43,a,66
43,rămas,392
43,în,100
43,armată,373
43,"și,",122
43,după,309
43,ce,124
43,primit,495
43,cursuri,681
43,informații,724
43,partidele,564
43,infiltrarea,749
43,însărcinat,1544
43,"oratorie,",1305
43,devenit,367
43,ofițer,399
43,de,501
43,cu,184
43,politice,1349
43,raportarea,620
43,către,247
43,superiorii,616
43,săi,184
43,privire,367
43,la,63
43,activitățile,555
43,acestora.,678
,,
44,În,1216
44,aceste,333
44,"cazuri,",1007
44,rolul,369
44,agentului,668
44,de,229
44,punere,1211
44,în,124
44,aplicare,1046
44,este,306
44,a,185
44,furniza,491
44,inputurile,1115
44,"inclusiv,",492
44,"bază,",557
44,dar,215
44,"numai,",1813
44,capitalul,739
44,care,435
44,va,167
44,da,368
44,startul,442
44,proiectului,685
44,și,232
44,permite,560
44,plecarea,680
44,după,559
44,impuls,1152
44,propriul,1463
44,continue,783
44,să,247
44,acestuia,742
44,sub,250
44,aplicare.,433
,,
45,În,435
45,"general,",1220
45,le,100
45,este,600
45,mai,294
45,bine,309
45,să,60
45,își,123
45,folosească,805
45,"Ne-ul,",1914
45,precum,450
45,și,293
45,capacitățile,932
45,de,494
45,ale,1174
45,raționament,934
45,lui,1026
45,"Ti,",101
45,pentru,800
45,a,65
45,afla,407
45,"adevărul,",682
45,decât,499
45,se,62
45,bazeze,309
45,pe,184
45,tradițiile,1049
45,Si.,399
,,
46,Este,248
46,posibil,494
46,ca,51
46,unele,51
46,părți,667
46,să,547
46,nu,186
46,fie,187
46,consumate,1686
46,"niciodată,",801
46,iar,768
46,altele,526
46,sunt,249
46,procesate,862
46,suplimentare,1890
46,mod,638
46,în,124
46,normal,599
46,și,201
46,carne,818
46,cușer,682
46,Statele,684
46,"Unite,",391
46,din,168
46,cauza,282
46,muncii,499
46,care,372
46,implică.,372
,,
47,Două,699
47,sau,547
47,mai,284
47,multe,383
47,state,356
47,nu,184
47,vor,372
47,încheia,497
47,niciun,557
47,"tratat,",300
47,confederație,783
47,alianță,699
47,între,436
47,"reunit,",743
47,și,123
47,se,374
47,"ele,",620
47,fără,247
47,consimțământul,2901
47,Statelor,818
47,Unite,715
47,în,186
47,Congresul,1663
47,specificând,983
47,cu,102
47,exactitate,1624
47,acestuia.,868
47,durata,822
47,încheie,870
47,pentru,1158
47,scopurile,1188
47,care,538
47,de,280
47,valabilitate,951
47,a,51
,,
48,Până,232
48,la,384
48,începutul,500
48,secolului,1137
48,al,435
48,"XIX-lea,",1011
48,naturaliștii,1033
48,și,168
48,oamenii,794
48,de,122
48,știință,619
48,au,61
48,observat,614
48,cei,344
48,proveneau,593
48,între,592
48,esențiale,1072
48,diferențe,749
48,compușii,740
48,care,482
48,din,218
48,ființe,383
48,vii,448
48,nu,1291
48,vii.,167
,,
49,A,151
49,avut,318
49,un,525
49,dosar,432
49,de,165
49,serviciu,1555
49,exemplar,652
49,și,247
49,a,125
49,primit,574
49,prestigioasa,1060
49,Cruce,310
49,"Fier,",310
49,atât,767
49,clasa,335
49,cât,701
49,"II-a,",308
49,"obținut,",494
49,"asemenea,",432
49,gradul,475
49,caporal.,334
,,
50,În,268
50,etapa,414
50,"finală,",812
50,unul,123
50,dintre,557
50,hidrogenii,1113
50,moleculei,1429
50,de,681
50,apă,234
50,legată,1198
50,este,244
50,atacat,554
50,o,167
50,altă,751
50,moleculă,1258
50,"apă,",246
50,lăsând,430
50,un,668
50,alcool.,333
,,
51,Este,805
51,important,435
51,ca,310
51,atunci,739
51,când,316
51,planificați,783
51,o,101
51,lecție,490
51,de,183
51,învățare,685
51,mixtă,554
51,în,187
51,clasele,433
51,primare,1183
51,vă,173
51,să,115
51,concentrați,680
51,pe,186
51,unitate,309
51,"studiu,",514
51,apoi,334
51,împletiți,650
51,cu,115
51,tehnologia.,831
,,
52,Cele,246
52,mai,186
52,multe,372
52,interogări,927
52,DNS,496
52,(cum,556
52,fi,185
52,cererile,559
52,de,746
52,rezolvare,572
52,a,284
52,numelui),881
52,utilizează,672
52,"mică,",646
52,sarcină,1123
52,deoarece,680
52,"UDP,",757
52,conexiuni,1601
52,cantitatea,1767
52,date,874
52,transferate,685
52,este,217
52,iar,282
52,stabilirea,1051
52,nume.,1481
52,sesiunii,1114
52,ar,151
52,introduce,583
52,un,217
52,trafic,398
52,și,186
52,o,123
52,inutile,2381
52,asupra,764
52,serverelor,744
,,
53,Unii,851
53,elevi,352
53,consideră,625
53,că,248
53,ablativul,685
53,este,184
53,"dificil,",434
53,deoarece,495
53,uneori,494
53,seamănă,492
53,cu,309
53,nominativul,1367
53,"singular,",818
53,dativul,370
53,plural,310
53,sau,309
53,niciunul,375
53,dintre,308
53,acestea.,233
53,sămânța.,233
,,
54,La,351
54,multe,266
54,specii,526
54,"anuale,",681
54,în,123
54,condiții,678
54,nefavorabile,942
54,de,168
54,uscăciune,483
54,sau,215
54,"frig,",117
54,există,350
54,doar,929
54,sămânța.,802
,,
55,Cu,300
55,toate,217
55,"acestea,",415
55,ploile,530
55,abundente,739
55,și,185
55,persistente,1590
55,furtunile,833
55,pot,235
55,provoca,663
55,inundații,1470
55,ploi.,735
55,cauzată,783
55,gravă,1317
55,înnămolire,1332
55,a,124
55,"solului,",493
55,precum,494
55,eroziune,1106
55,de,311
,,
56,Pierderea,1148
56,în,101
56,greutate,282
56,necesită,434
56,ca,116
56,aportul,481
56,de,1049
56,calorii,496
56,să,51
56,fie,116
56,mai,125
56,mic,495
56,decât,184
56,producția,522
56,"calorii,",961
56,deși,248
56,niciuna,310
56,dintre,310
56,acestea,185
56,nu,61
56,trebuie,725
56,făcută,350
56,la,51
56,extrem.,283
,,
57,Printre,642
57,aceste,744
57,tehnologii,866
57,se,249
57,număra,1495
57,fisiunea,1700
57,"nucleară,",1266
57,care,249
57,constă,382
57,în,215
57,divizarea,1060
57,unui,497
57,zece,887
57,atom,1090
57,foarte,367
57,electronegativ,4049
57,atomi,368
57,mai,402
57,mici,415
57,și,125
57,produce,682
57,energie,679
57,de,284
57,ori,499
57,mare.,595
,,
58,Majoritatea,1753
58,algelor,1134
58,"marine,",317
58,cum,126
58,ar,310
58,fi,61
58,kelps,990
58,(alge,184
58,brune,370
58,foarte,755
58,mari,152
58,din,249
58,ordinul,599
58,"superficiale,",796
58,unei,949
58,ciuda,623
58,"Laminariales),",1934
58,în,126
58,aparențe,1360
58,nu,184
58,au,496
58,tulpini,374
58,"adevărate,",618
58,"frunze,",680
58,superioare.,615
58,găsește,495
58,sistem,462
58,de,407
58,fel,309
58,nici,248
58,rădăcini,746
58,și,61
58,un,309
58,"vascular,",1267
58,așa,115
58,se,187
58,la,124
58,plantele,493
,,
59,În,681
59,calitate,247
59,de,186
59,"guvernator,",1490
59,a,218
59,urmat,310
59,o,64
59,politică,997
59,atât,217
59,strictă,267
59,numi,1121
59,în,63
59,funcții,432
59,doar,733
59,America.,935
59,colegi,1150
59,"republicani,",585
59,încât,807
59,devenit,492
59,părintele,800
59,sistemului,802
59,sporuri,491
59,din,186
,,
60,Oficialii,2365
60,britanici,749
60,din,186
60,domeniul,671
60,comerțului,664
60,au,185
60,considerat,1529
60,că,545
60,prima,700
60,prioritate,667
60,popularea,1204
60,zonelor,874
60,recent,573
60,securizate,1702
60,Canada,616
60,Florida,682
60,(cu,247
60,referire,568
60,la,333
60,Tratatul,599
60,de,200
60,patria,1245
60,comerț,296
60,facă,807
60,"Paris),",1110
60,unde,126
60,se,733
60,putea,233
60,aștepta,483
60,în,50
60,mod,51
60,rezonabil,780
60,ca,125
60,coloniștii,615
60,să,63
60,cu,186
60,mamă.,870
,,
61,Unele,1356
61,dintre,217
61,aceste,916
61,variații,418
61,se,298
61,referă,250
61,la,1084
61,"comisioane,",968
61,protecția,680
61,împotriva,735
61,descoperirilor,2213
61,curente,1222
61,de,249
61,"cont,",372
61,soldurile,977
61,"minime,",453
61,legăturile,768
61,permise,1291
61,între,371
61,conturi,1016
61,(de,287
61,"exemplu,",649
61,și,283
61,economii),332
61,regulile,604
61,deschidere,1054
61,a,435
61,contului.,185
,,
62,Liniile,1052
62,rigide,495
62,sunt,311
62,adesea,492
62,realizate,890
62,pentru,634
62,a,62
62,fi,51
62,presurizate,1194
62,cu,61
62,azot,311
62,sau,306
62,aer,186
62,"deshidratat,",1908
62,mii,1357
62,generate,1004
62,temperaturile,1369
62,în,122
62,energie,1263
62,wați,535
62,de,166
62,care,307
62,asigură,431
62,un,249
62,dielectric,2767
62,excelent,1454
62,chiar,376
62,și,189
62,la,63
62,ridicate,500
62,special,1306
62,timpul,513
62,căldurii,535
62,intense,482
62,vară,252
62,soarelui.,373
,,
63,Cu,498
63,toate,599
63,"acestea,",650
63,în,218
63,"general,",704
63,este,188
63,necesar,1303
63,să,184
63,se,245
63,aplice,374
63,aceste,433
63,legi,122
63,la,186
63,un,186
63,volum,369
63,de,819
63,control,699
63,"infinitezimal,",1595
63,apoi,371
63,utilizeze,554
63,ecuațiile,836
63,diferențiale,1160
63,rezultate.,493
,,
64,Aceste,1643
64,stiluri,449
64,de,49
64,pachete,803
64,nu,62
64,se,61
64,descurcă,1180
64,bine,310
64,împotriva,463
64,pachetelor,833
64,cu,152
64,orice,166
64,tip,1512
64,dezorganizare,1487
64,sau,267
64,"control,",500
64,așa,183
64,că,101
64,în,166
64,prezent,576
64,văd,251
64,prea,127
64,mult,315
,,
65,Din,334
65,cauza,366
65,faptului,633
65,că,116
65,aparatul,1299
65,său,334
65,de,291
65,împerechere,2113
65,este,50
65,"ghimpat,",714
65,asemănător,987
65,cu,310
65,corpul,545
65,smuls,469
65,acesta,544
65,"muncitor,",797
65,unui,412
65,înțepătura,1517
65,va,300
65,fi,123
65,din,317
65,după,1080
65,"împerechere,",1532
65,iar,488
65,spre,202
65,cădea,782
65,pământ,627
65,singurul,494
65,rezultat,683
65,posibil:,247
65,moartea.,643
,,
66,"Romanii,",1019
66,care,743
66,au,247
66,folosit,553
66,inițial,246
66,acest,392
66,"stil,",666
66,l-au,234
66,considerat,532
66,greoi,328
66,și,334
66,greu,370
66,de,62
66,manevrat,1224
66,pe,187
66,muntoasă,2678
66,terenul,1638
66,accidentat,1641
66,al,608
66,Italiei.,307
66,Pe,65
66,lângă,248
,,
67,Pe,310
67,lângă,434
67,vocabularul,742
67,"nou,",300
67,ar,165
67,trebui,717
67,să,100
67,vă,1110
67,uitați,372
67,și,249
67,la,309
67,modul,248
67,în,494
67,care,601
67,se,101
67,conjugă,699
67,verbele,1169
67,funcție,372
67,de,123
67,subiectul,437
67,propoziției.,370
,,
68,Cu,465
68,dimensiuni,850
68,"variate,",560
68,de,235
68,la,125
68,lacuri,867
68,mari,349
68,și,117
68,văi,368
68,închise,416
68,iazuri,1552
68,îngropată,1711
68,lăsate,2092
68,urmă.,498
68,"miniatură,",849
68,aceste,550
68,depresiuni,1609
68,au,125
68,fost,184
68,gheața,550
68,care,217
68,s-a,233
68,topit,266
68,în,216
68,cele,683
68,din,417
,,
69,Formarea,1031
69,acestui,1235
69,intermediar,1618
69,cea,261
69,reacția,1083
69,în,368
69,"au,",743
69,ulterioară,1053
69,"general,",565
69,o,52
69,barieră,849
69,de,63
69,energie,803
69,directă,545
69,necesară,932
69,decât,706
69,mică,228
69,mult,430
69,activare,1129
69,mai,117
69,pentru,1127
69,transformare,2871
69,a,494
69,reactanților,1537
69,produși.,776
,,
70,Acordurile,2434
70,dvs.,368
70,juridice,617
70,ar,314
70,trebui,315
70,să,217
70,treacă,1351
70,prin,166
70,mai,602
70,multe,867
70,iterații,431
70,în,186
70,procesul,679
70,de,124
70,lizibilitatea,2933
70,simplificând,827
70,fiecare,376
70,"redactare,",804
70,iterație,274
70,termenii,434
70,și,67
70,îmbunătățind,965
70,utilizabilitatea,2597
70,acestora.,995
,,
71,Tot,384
71,ceea,116
71,ce,166
71,studiați,741
71,este,123
71,conceput,743
71,pentru,391
71,a,124
71,vă,184
71,pregăti,370
71,sinteze,501
71,organice,1890
71,și,61
71,alte,1449
71,transformări,2248
71,chimice,483
71,efectuate,1542
71,laborator.,1370
71,rezultatele,994
,,
72,Vă,247
72,va,188
72,duce,306
72,la,58
72,pagina,484
72,care,384
72,corespunde,966
72,cererii,672
72,"dumneavoastră,",1484
72,în,184
72,caz,311
72,contrar,619
72,afișa,1049
72,rezultatele,1238
72,căutării.,805
,,
73,Descrierea,1743
73,configurației,1706
73,relative,551
73,este,532
73,încă,448
73,utilizată,371
73,în,125
73,principal,808
73,glicochimie.,1801
,,
74,Acestea,806
74,transformă,929
,,
75,Acestea,814
75,transformă,883
75,energia,483
75,solară,471
75,în,246
75,energie,679
75,chimică,789
75,prin,1266
75,absorbția,667
75,luminii,496
75,solare,740
75,și,186
75,utilizarea,954
75,acesteia,552
75,pentru,1066
75,a,300
75,stimula,991
75,sinteza,494
75,compușilor,815
75,"organici,",1132
75,cum,217
75,ar,116
75,fi,124
75,"zahărul,",990
75,din,188
75,carbon,497
75,dioxid,562
75,de,61
75,apă.,124
,,
76,Aceasta,1865
76,include,124
76,"predarea,",2234
76,practica,1307
76,generală,993
76,a,1643
76,"medicinei,",550
76,cercetarea,976
76,"medicală,",803
76,"misionară,",1359
76,"antreprenoriatul,",2689
76,"religioase,",1361
76,domeniile,805
76,munca,466
76,"socială,",386
76,dezvoltarea,666
76,"coaching-ul,",734
76,"consilierea,",526
76,"publice,",367
76,"corporatistă,",1405
76,formarea,911
76,"comunitară,",1182
76,artele,308
76,"creative,",370
76,"actoria,",684
76,"radiodifuziunea,",1266
76,"consultanța,",481
76,relațiile,449
76,publicitatea,434
76,și,62
76,marketingul.,685
76,safanin,117
,,
77,Clătirea,1904
77,cu,493
77,alcool,247
77,nu,123
77,îndepărtează,1231
77,cristalul,702
77,violet,366
77,care,740
77,maschează,1042
77,colorantul,1045
77,roșu,1810
77,adăugat.,2265
77,safanin,2313
,,
78,De,499
78,"asemenea,",601
78,a,268
78,fost,268
78,responsabil,1115
78,de,166
78,contrabandă,847
78,cu,102
78,droguri,733
78,și,122
78,crime,383
78,mituit,805
78,atât,558
78,"poliția,",309
78,cât,186
78,politicieni,552
78,importanți.,685
,,
79,Un,167
79,astfel,468
79,de,188
79,acces,123
79,ar,1057
79,putea,310
79,fi,123
79,utilizat,381
79,pentru,167
79,autentificarea,1153
79,la,62
79,"conectare,",1181
79,crearea,1836
79,unui,1201
79,recuperate,51
79,Un,283
79,nou,848
79,cont,62
79,de,65
79,utilizator,554
79,sau,308
79,salvarea,293
79,informații,517
79,textuale,633
79,pentru,435
79,a,66
79,fi,116
79,recuperate,712
79,și,1364
79,studiate,774
79,în,101
79,viitor.,416
,,
80,Eroul,1379
80,fost,465
80,apoi,50
80,chemat,785
80,să,122
80,participe,682
80,la,624
80,cel,125
80,de-al,249
80,doilea,2102
80,"rit,",624
80,al,432
80,"cuceririi,",1017
80,învingându-l,1631
80,Claudius.,929
80,mercenar,863
80,generalul,556
80,pe,371
,,
81,Au,435
81,produs,1231
,,
82,Au,185
82,produs,123
82,peste,371
82,90%,239
82,din,150
82,filmele,400
82,de,133
82,ficțiune,783
82,America,1291
82,și,311
82,și-au,622
82,distribuit,1458
82,atât,339
82,internațional.,926
82,"național,",554
82,nivel,124
82,la,249
82,cât,64
,,
83,În,495
83,"schimb,",187
83,trece,1056
83,imediat,496
83,la,62
83,biții,371
83,de,62
83,"oprire,",832
83,ceea,385
83,ce,184
83,reprezintă,999
83,o,257
83,recunoaștere,1551
83,a,593
83,faptului,1265
83,că,562
83,verificarea,1872
83,parității,2081
83,acest,247
83,nivel,556
83,este,370
83,cu,184
83,adevărat,434
83,inutilă.,182
,,
84,Am,765
84,discutat,413
84,deja,372
84,despre,1182
84,unele,450
84,dintre,186
84,"acestea,",734
84,însă,333
84,cunoașterea,1001
84,seturilor,743
84,adaugă,1641
84,nouă,600
84,definiție,692
84,pentru,492
84,fiecare,308
84,următoarele,1137
84,idei.,268
84,În,61
84,cele,374
84,din,122
84,"urmă,",126
84,studiul,375
84,a,217
84,analizat,494
84,conversia,599
84,fosfolipidelor,3468
84,bogate,1149
84,în,350
84,polinesaturate,3619
84,C.,64
84,fosfolipazei,2865
84,triacilgliceride,4063
84,prin,356
84,intermediul,783
84,unei,448
84,căi,335
,,
85,Exercițiile,1234
85,și,165
85,secțiunile,713
85,de,730
85,recapitulare,868
85,contribuie,909
85,în,116
85,mod,367
85,ideal,349
85,la,101
85,un,232
85,model,401
85,conceput.,686
85,repetiție,1053
85,formarea,247
,,
86,Condițiile,1881
86,de,62
86,"mediu,",1005
86,cum,560
86,ar,249
86,fi,62
86,curentul,868
86,sau,124
86,gradienții,1184
86,"temperatură,",2014
86,determină,1784
86,două,298
86,formarea,2170
86,a,247
86,bule,654
86,care,231
86,conțin,318
86,concentrații,1075
86,similare,556
86,materiale.,492
,,
87,Lentilele,1316
87,cu,284
87,zoom,407
87,"motorizate,",950
87,controlate,1057
87,"electronic,",794
87,sunt,1067
87,amplasate,1198
87,ambele,721
87,atât,116
87,pe,564
87,lentile,429
87,"cameră,",1798
87,să,374
87,astfel,188
87,între,554
87,sincronizate,1402
87,proiector,659
87,cât,123
87,și,124
87,"ele,",184
87,încât,308
87,moment.,496
87,mărească,1177
87,împreună,495
87,la,124
87,aceeași,369
87,distanță,311
87,focală,309
87,în,124
87,orice,245
87,Cu,50
87,toate,366
87,"acestea,",370
87,atenuarea,682
87,nu,246
87,poate,371
87,merge,648
87,decât,266
87,până,268
87,la,167
87,nivelul,232
87,plasticii,612
87,sinaptice,804
87,aspectele,808
87,neurobiologice.,1673
87,corticale,690
87,a,67
87,"creierului,",432
87,deoarece,268
87,gravitatea,810
87,ADHD,310
87,depinde,621
87,în,123
87,principal,554
87,de,430
,,
88,Configurația,983
88,poate,234
88,"fi,",168
88,de,116
88,"asemenea,",489
88,atribuită,621
88,pe,248
88,baza,185
88,pur,183
88,empirică,425
88,a,116
88,activității,334
88,optice.,332
,,
89,Adaugă,1924
89,un,124
89,buton,233
89,bara,334
89,de,115
89,instrumente,866
89,editare,495
89,din,118
89,editorul,632
89,"surse,",424
89,încât,493
89,legături,446
89,utilizatorilor,834
89,convenabil,906
89,cel,312
89,este,166
89,mai,310
89,pentru,365
89,paginile,834
89,discuții,1476
89,dacă,648
89,ale,372
89,cu,216
89,"roșii,",615
89,economisi,490
89,poate,248
89,dar,249
89,clic,62
89,sau,184
89,două,245
89,și,124
89,în,61
89,alte,185
89,"cazuri,",278
89,chiar,168
89,nu,101
89,la,51
89,fel,650
89,Twinkle.,546
89,ca,177
89,rapid,338
,,
90,Încurajat,916
90,de,62
90,susținătorii,670
90,din,187
90,sud,62
90,(mulți,249
90,dintre,185
90,ei,124
90,i-au,184
90,trimis,249
90,lui,61
90,Brooks,245
90,bastoane,551
90,"noi,",216
90,în,818
90,semn,604
90,aprobare,558
90,acțiunilor,370
90,"sale),",309
90,s-a,61
90,întors,186
90,după,282
90,o,383
90,realegere,1146
90,răsunătoare.,1261
,,
91,El,612
91,crede,233
91,că,652
91,ei,51
91,exprimă,482
91,aceleași,851
91,preocupări,537
91,pe,186
91,care,372
91,le,62
91,simte,306
91,și,125
91,"el,",796
91,dar,101
91,într-un,267
91,mod,800
91,el.,878
91,"diferit,",432
91,este,310
91,obligat,308
91,moral,721
91,să,118
91,tolereze,950
91,pentru,401
91,sunt,125
91,mai,495
91,slabi,122
91,decât,434
91,împărțiți,311
91,electronilor,123
,,
92,Chimia,1548
92,organică,851
92,se,284
92,concentrează,821
92,asupra,312
92,carbonului,433
92,și,66
92,urmărește,498
92,mișcarea,534
92,în,294
92,precum,1381
92,inelele,1299
92,electronilor,1562
92,lanțurile,371
92,de,166
92,"carbon,",623
92,modul,248
92,care,420
92,electronii,834
92,sunt,816
92,atomi,334
92,alți,587
92,cu,111
92,împărțiți,1485
92,carbon,301
92,heteroatomi.,616
,,
93,La,1091
93,sfârșitul,435
93,"secvenței,",1429
93,o,186
93,racletă,307
93,îndepărtează,1238
93,tonerul,776
93,rămas,384
93,pe,65
93,tambur,434
93,și,101
93,întregul,817
93,proces,681
93,se,63
93,repetă,496
93,cu,61
93,nouă,344
93,imagine.,66
93,descris,557
,,
94,Urmăriți,900
94,câinele,615
94,pentru,465
94,a,62
94,vă,51
94,asigura,781
94,că,186
94,nu,123
94,scuipă,184
94,pastila,433
94,după,183
94,ce,184
94,mâncat,430
94,așa,117
94,forțați,974
94,acest,358
94,(dacă,316
94,recompensa,1216
94,se,99
94,întâmplă,357
94,"lucru,",307
94,va,123
94,trebui,188
94,să,60
94,"pastila,",218
94,cum,267
94,este,783
94,descris,630
94,mai,124
94,jos).,433
94,În,61
94,cadrul,125
,,
95,În,369
95,cadrul,189
95,conferinței,1125
95,au,100
95,fost,267
95,prezentate,717
95,datele,167
95,inițiale,459
95,ale,248
95,analizei,248
95,medicamentului,1362
95,cardiovasculare,1558
95,boli,399
95,pentru,451
95,simvastatin.,1734
,,
96,Peroxidul,850
96,de,672
96,hidrogen,666
96,se,185
96,va,310
96,degrada,1735
96,spontan,1956
96,în,216
96,apă,682
96,oxigen,2998
96,punctul,939
96,spațiale.,495
96,"molecular,",2061
96,însă,1055
96,accelerează,984
96,catalizator,2478
96,unui,670
96,prezența,984
96,această,348
96,reacție,802
96,până,431
96,la,187
96,care,619
96,a,248
96,combustibil,1309
96,sursă,870
96,ca,53
96,folosit,513
96,pentru,433
96,torpile,549
96,și,233
96,chiar,317
96,nave,112
,,
97,Chitara,517
97,este,467
97,un,124
97,instrument,678
97,de,123
97,transpoziție,2101
97,notată,552
97,cu,248
97,o,124
97,octavă,495
97,mai,309
97,sus,311
97,decât,994
97,standard.,1772
97,notația,1265
97,înălțimea,1410
97,sa,932
97,reală,401
97,pentru,497
97,a,63
97,evita,311
97,utilizarea,307
97,clapei,558
97,bas,463
97,în,60
,,
98,Atașarea,1496
98,la,187
98,fibră,370
98,este,122
98,"atribuită,",1613
98,cel,371
98,puțin,432
98,"parțial,",186
98,formării,1142
98,de,183
98,săruri,683
98,între,290
98,grupele,697
98,cationice,804
98,din,188
98,anionice,755
98,coloranți,1051
98,și,168
98,fibră.,184
,,
99,În,167
99,acest,167
99,"sistem,",865
99,compușii,628
99,sunt,306
99,denumiți,922
99,prin,493
99,analogie,1112
99,cu,126
99,"gliceraldehida,",2137
99,ceea,740
99,ce,249
99,"neambigue,",2715
99,denumiri,1040
99,general,1244
99,în,186
99,produce,1041
99,dar,217
99,este,231
99,cel,245
99,mai,309
99,ușor,184
99,de,124
99,observat,682
99,cazul,523
99,gliceraldehidei.,2685
99,similare,994
99,biomolecule,1603
99,micilor,984
,,
100,Suzuki,495
100,Pureharp,2178
100,este,247
100,unul,247
100,dintre,249
100,modele,1063
100,micile,855
100,de,1365
100,producție,716
100,care,156
100,folosesc,1262
100,lemnul,1814
100,ca,556
100,"acoperire,",1593
100,ceea,63
100,ce,121
100,produce,807
100,un,124
100,sunet,293
100,plăcut,417
,,
101,Este,1083
101,utilizat,1928
101,de,433
101,sistemul,10938
101,"imunitar,",583
101,pentru,649
101,sinteza,433
101,"ADN-ului,",804
101,vindecarea,614
101,rănilor,310
101,hormonală.,1213
101,și,299
101,creșterea,701
101,dezvoltarea,780
101,normală,803
101,în,123
101,perioadele,479
101,cu,333
101,activitate,666
,,
102,O,126
102,utilizare,683
102,intensă,933
102,a,115
102,spider-ului,2203
102,poate,62
102,duce,434
102,la,62
102,blocarea,620
102,accesului,431
102,"site,",310
102,cu,447
102,"prejudicii,",1281
102,dumneavoastră.,1162
102,IP-ului,486
102,sau,311
,,
103,Folosește,739
103,aceleași,871
103,forme,374
103,de,124
103,acorduri,1122
103,ca,232
103,și,167
103,Open,716
103,"E,",52
103,dar,183
103,este,229
103,mai,184
103,ușor,310
103,pentru,1051
103,gâtul,643
103,tensiunea.,1059
103,"chitarei,",1035
103,deoarece,794
103,corzile,743
103,sunt,432
103,"dezacordate,",1096
103,reducând,918
,,
104,Deși,315
104,unele,310
104,cadre,249
104,sunt,314
104,prevăzute,544
104,cu,181
104,trei,167
104,orificii,584
104,pentru,333
104,știfturile,2635
104,"poziționare,",1364
104,anumită,784
104,doar,559
104,funcționează,1187
104,să,203
104,frâne,916
104,într-o,933
104,"poziție,",650
104,așa,350
104,"că,",874
104,timpul,372
104,"dezasamblării,",1238
104,fost,180
104,rețineți,751
104,trebuie,216
104,ce,182
104,folosite.,300
,,
105,Aceasta,374
105,este,124
105,doar,431
105,una,254
105,dintre,448
105,numeroasele,667
105,realizări,1773
105,modul,491
105,ale,244
105,ingineriei,988
105,care,990
105,ne-au,234
105,permis,717
105,nutriție.,857
105,să,437
105,cuantificăm,964
105,și,62
105,înțelegem,549
105,gena,500
105,umană,401
105,în,63
105,aceasta,249
105,legată,331
105,de,615
105,În,63
105,nordul,430
105,Europei,559
105,(nordul,308
105,"Germaniei,",619
105,Țările,123
105,de,62
105,Jos,61
105,și,117
105,"Franța),",309
105,clasa,167
105,mijloc,383
105,avea,600
105,tendința,781
105,fi,183
105,"protestantă,",993
105,ceea,433
105,ce,62
105,corespundea,519
105,cu,51
105,etica,333
105,filozofia,366
105,muncii.,283
105,O,63
105,astfel,803
105,de,122
105,cavitate,435
105,poate,122
105,oferi,190
105,numeroase,497
105,avantaje,496
105,funcționale.,556
,,
106,Pentru,567
106,a,64
106,obține,517
106,acest,566
106,"câmp,",218
106,camera,371
106,trebuie,605
106,să,123
106,fie,174
106,suficient,370
106,de,124
106,"reverberantă,",780
106,iar,633
106,evita,171
106,frecvențele,765
106,înalte,922
106,pentru,384
106,efectele,299
106,modurilor,817
106,predominante.,823
,,
107,Vacuola,1035
107,alimentară,774
107,formată,369
107,",",61
107,apoi,494
107,fuzionează,633
107,cu,203
107,un,232
107,lizozom,384
107,și,216
107,digeră,449
107,alimentele.,715
,,
108,Toate,569
108,celelalte,666
108,lucruri,475
108,fiind,559
108,"egale,",368
108,nucleofilii,742
108,"sunt,",223
108,în,217
108,"general,",349
108,comparați,701
108,între,1085
108,ei,560
108,reactivitatea,926
108,privește,515
108,ceea,555
108,ce,123
108,relativă.,1097
,,
109,Proiectele,1049
109,de,123
109,lege,309
109,private,372
109,afectează,1359
109,o,165
109,anumită,268
109,"companie,",575
109,persoană,368
109,sau,185
109,altă,184
109,entitate,439
109,publice).,498
109,anumite,965
109,(de,189
109,"exemplu,",556
109,autorizarea,679
109,unor,245
109,construcții,301
109,majore,500
109,pe,117
109,terenuri,267
,,
110,Faceți,651
110,clic,167
110,pe,100
110,butonul,450
110,MAC,331
110,sau,186
110,WIN,308
110,atașat,246
110,pentru,433
110,a,63
110,descărca,370
110,fișierul,248
110,font,311
110,zipat.,373
,,
111,Motivul,951
111,pentru,232
111,care,267
111,leziunile,1997
111,hipotalamice,1420
111,afectează,567
111,grăsimea,650
111,corporală,494
111,și,309
111,semnalizarea,1441
111,"are,",314
111,comportamentul,1862
111,alimentar,281
111,de,167
111,"fapt,",125
111,mult,62
111,de-a,61
111,face,558
111,leptinei.,510
111,a,933
,,
112,S-a,246
112,spus,313
112,că,522
112,a,116
112,trebuit,432
112,să,102
112,își,217
112,croiască,567
112,drum,281
112,prin,361
112,păduri,308
112,fără,185
112,"urme,",493
112,ceea,308
112,"ce,",122
112,"îndoială,",623
112,acest,410
112,puțin,332
112,cel,232
112,cazul,269
112,fost,531
112,în,124
112,oraș.,247
,,
113,Acest,1493
113,lucru,369
113,este,122
113,"foarte,",501
113,foarte,335
113,diferit,448
113,de,115
113,modelele,1310
113,pasive,843
113,citire,310
113,textului,481
113,într-o,487
113,creierul,113
113,încercarea,65
113,"viteză,",50
113,mare,51
,,
114,Acest,352
114,manieră,943
114,liniară,435
114,de,124
114,mare,248
114,"viteză,",800
114,care,432
114,se,184
114,aseamănă,1299
114,cu,162
114,încercarea,843
114,a,123
114,forța,249
114,creierul,677
114,să,849
114,mie,420
114,găsească,851
114,un,166
114,sens,288
114,la,187
114,o,192
114,gloanțe,310
114,trec,186
114,viteză.,449
,,
115,Ca,765
115,"adjective,",859
115,terminațiile,806
115,lor,247
115,variază,1053
115,în,63
115,funcție,248
115,de,62
115,substantivele,679
115,pe,122
115,care,62
115,le,186
115,modifică.,447
,,
116,În,132
116,ciuda,166
116,acestui,692
116,"fapt,",310
116,putem,686
116,vedea,185
116,că,185
116,există,247
116,încă,464
116,o,116
116,anumită,566
116,interacțiune,567
116,între,432
116,asupra,550
116,moderatoare,761
116,influență,372
116,McGonagall,862
116,"McGonagall,",1241
116,Dumbledore,994
116,și,247
116,fiind,247
116,Dumbledore.,511
116,de,150
116,fermă,729
116,"părților,",484
116,tuturor,1341
116,în,123
116,timp,246
116,ce,239
116,manifestă,450
116,loialitate,303
116,față,217
116,utilizați,51
116,cel,293
,,
117,De,621
117,"asemenea,",618
117,este,369
117,posibil,515
117,să,64
117,existe,935
117,taxe,232
117,de,61
117,licență,630
117,separate,932
117,pentru,553
117,distribuția,618
117,"GIF,",423
117,"brevetate,",919
117,multimedia,1413
117,date,493
117,formate,1448
117,cum,384
117,ar,115
117,fi,167
117,imaginile,429
117,"care,",313
117,dacă,1228
117,nu,617
117,"fapt,",347
117,"GFDL,",1017
117,fotografia.,448
117,sau,254
117,punct,420
117,din,478
117,cel,544
117,puțin,601
117,vedere,308
117,"filozofic,",1187
117,încalcă,667
117,principiile,382
117,împiedicându-vă,1899
117,liber,418
117,utilizați,400
117,imaginea,332
,,
118,Întreaga,909
118,aplicație,574
118,asamblată,753
118,este,622
118,platforma,994
118,iar,60
118,birourile,573
118,personalului,1482
118,afectat,717
118,reprezintă,783
118,domeniul,483
118,țintă,323
118,pentru,250
118,munca,250
118,lor.,124
,,
119,Utilizarea,495
119,modernă,620
119,a,62
119,emoticoanelor,620
119,în,62
119,discuțiile,373
119,electronice,928
119,se,62
119,"datorează,",432
119,"general,",618
119,1982,311
119,din,558
119,propuneri,433
119,unei,369
,,
120,Oasele,783
120,neregulate,1714
120,au,188
120,forme,435
120,"deosebite,",994
120,nu,201
120,pot,117
120,fi,100
120,grupate,433
120,sub,100
120,capetele,654
120,precedente,1050
120,și,62
120,sunt,867
120,folosite,308
120,pentru,246
120,atașarea,749
120,mușchilor,431
120,articulații.,554
,,
121,Calcularea,1311
121,unor,216
121,astfel,332
121,de,117
121,capacități,545
121,și,62
121,fie,124
121,exploatarea,991
121,"lor,",248
121,luarea,435
121,măsurilor,739
121,ingineria,1734
121,importantă,1172
121,problemă,929
121,o,496
121,contracara,2272
121,pentru,433
121,necesare,868
121,a,64
121,le,185
121,reprezintă,791
121,în,51
121,electrice.,396
121,circuitelor,2194
121,Cu,65
121,toate,152
121,"acestea,",516
121,ar,100
121,trebui,232
121,să,100
121,fie,117
121,clar,184
121,că,123
121,diferite,183
121,lungimi,248
121,de,189
121,undă,184
121,vor,124
121,suferi,436
121,primite.,61
121,a,61
121,constructive,63
,,
122,Cu,362
122,interferențe,600
122,constructive,781
122,pentru,219
122,diferite,598
122,unghiuri,987
122,incidență,782
122,de,116
122,a,65
122,luminii,268
122,primite.,417
,,
123,Au,192
123,fost,318
123,produse,435
123,"drame,",311
123,comedii,247
123,și,188
123,toate,250
123,celelalte,340
123,forme,267
123,de,63
123,"divertisment,",540
123,precum,850
123,emisiuni,557
123,știri,122
123,muzică.,433
,,
124,Poșta,308
124,este,309
124,generată,347
124,intern,569
124,de,188
124,către,231
124,sistemul,434
124,Postfix,435
124,"însuși,",185
124,pentru,371
124,a,62
124,notifica,369
124,poștașul,677
124,fără,50
124,"asemenea,",424
124,problemă,791
124,o,52
124,despre,615
124,(această,310
124,cale,246
124,"este,",188
124,indicată,308
124,cu,124
124,săgeata,889
124,etichetă).,698
,,
125,Tampoanele,924
125,sensibile,1568
125,ale,123
125,degetelor,1341
125,"noastre,",869
125,folosite,216
125,ca,116
125,antene,955
125,"tactile,",853
125,detectează,738
125,cea,431
125,încordare,668
125,"tresărire,",678
125,mică,248
125,mai,614
125,sau,166
125,ezitare,433
125,de,165
125,răspuns.,268
,,
126,Diagnosticul,934
126,de,167
126,schizofrenie,534
126,nu,116
126,ar,50
126,trebui,430
126,pus,247
126,în,128
126,prezența,553
126,unor,246
126,simptome,563
126,depresive,633
126,că,101
126,care,132
126,excepția,552
126,"extinse,",682
126,maniacale,903
126,sau,450
126,cu,125
126,cazului,311
126,este,266
126,clar,116
126,simptomele,800
126,afective.,555
126,tulburărilor,798
126,anterioare,1690
126,sunt,737
126,schizofrenice,1090
,,
127,Există,593
127,o,62
127,ușoară,437
127,tendință,491
127,de,240
127,atac,279
127,din,764
127,partea,266
127,opusă,401
127,a,65
127,halogenului.,993
127,Cu,51
127,toate,878
127,"acestea,",493
127,faptul,283
127,că,163
127,scorbutul,988
127,este,249
127,cauzat,496
127,de,188
127,lipsa,334
127,vitaminei,783
127,c,150
127,a,50
127,fost,382
127,descoperit,1368
127,abia,250
127,în,62
127,1932,531
,,
128,Același,635
128,principiu,804
128,se,125
128,"aplica,",437
128,"desigur,",583
128,și,132
128,la,101
128,reflexul,1465
128,cu,63
128,un,61
128,singur,867
128,"obiectiv,",495
128,dar,192
128,primele,590
128,neplăceri,750
128,întârzieri,682
128,provocat,1535
128,au,102
128,SLR-uri,798
128,din,283
128,cauza,359
128,necesității,743
128,de,190
128,a,187
128,muta,308
128,oglinda,381
128,în,251
128,permite,882
128,afara,547
128,planului,1070
128,focal,61
128,pentru,618
128,luminii,385
128,să,166
128,ajungă,282
128,placa,201
128,spatele,666
,,
129,După,949
129,ce,166
129,Ron,401
129,aproape,568
129,că,66
129,moare,374
129,bând,245
129,hidromel,680
129,"otrăvit,",431
129,care,251
129,se,167
129,pare,616
129,era,168
129,destinat,645
129,încât,603
129,atât,114
129,Hermione,920
129,profesorului,866
129,"Dumbledore,",727
129,este,333
129,de,232
129,"tulburată,",500
129,pun,927
129,dușmăniei,865
129,lor,62
129,pentru,310
129,totdeauna.,621
,,
130,Deși,806
130,evreii,62
130,au,218
130,fost,216
130,țintele,300
130,preferate,1186
130,și,402
130,sunt,184
130,victimele,991
130,despre,298
130,care,215
130,auzim,350
130,cel,167
130,mai,285
130,des,283
130,vorbim,542
130,când,242
130,atunci,836
130,"Holocaust,",681
130,ei,117
130,nu,166
130,singurele,449
130,victime.,434
,,
131,Principalul,1039
131,motiv,434
131,pentru,334
131,care,265
131,nu,52
131,se,165
131,permit,1341
131,mai,382
131,multe,660
131,ieșiri,335
131,cu,215
131,aceeași,400
131,intrare,450
131,este,610
131,aceluiași,671
131,la,113
131,aplicăm,524
131,permite,560
131,ne,247
131,acela,431
131,că,63
131,să,124
131,funcție,365
131,diferite,435
131,forme,332
131,ale,167
131,lucru,372
131,echivalența,1281
131,schimba,434
131,fără,370
131,acestora.,700
,,
132,De,787
132,"asemenea,",417
132,coeficientul,1317
132,de,463
132,frecare,670
132,variază,431
132,foarte,745
132,mult,252
132,în,187
132,funcție,400
132,cele,51
132,două,185
132,netezimea,622
132,"contact,",848
132,aflate,494
132,substanțe,1057
132,precum,466
132,și,123
132,temperatura,1061
132,celor,494
132,substanțe.,815
,,
133,În,166
133,chimia,351
133,"organică,",1114
133,carbonul,557
133,este,373
133,utilizat,434
133,foarte,557
133,"frecvent,",768
133,astfel,466
133,încât,400
133,chimiștii,665
133,știu,434
133,că,124
133,capetele,410
133,carbon,706
133,de,230
133,atom,1209
133,există,243
133,un,101
133,la,182
133,fiecărei,308
133,linii,372
133,care,245
133,nu,187
133,etichetată,618
133,în,122
133,mod,744
133,specific.,1243
,,
134,Cu,117
134,toate,868
134,"acestea,",434
134,dacă,248
134,programul,617
134,este,868
134,un,189
134,fel,167
134,de,290
134,editor,817
134,care,216
134,rulează,350
134,pe,291
134,"desktop,",1243
134,din,251
134,să,185
134,posibil,495
134,doriți,1400
134,oferiți,931
134,operatorului,988
134,opțiunea,547
134,a,65
134,salva,252
134,informațiile,384
134,introduse,817
134,program.,822
134,iasă,349
134,loc,237
134,trudă,500
134,cu,370
134,în,124
,,
135,Un,1248
135,alfabet,981
135,ingenios,634
135,le-a,471
135,permis,680
135,mayașilor,683
135,să,185
135,înregistreze,747
135,informații,734
135,pe,117
135,monumentele,1177
135,multe,645
135,de,179
135,modalitate,808
135,antropologilor,1874
135,oferindu-le,951
135,templele,616
135,și,184
135,"lor,",186
135,o,62
135,excelentă,993
135,a,132
135,afla,217
135,mai,166
135,mayașă.,298
135,cultura,603
135,viața,527
135,despre,444
135,În,50
135,"general,",1020
135,se,116
135,crede,61
135,pilusul,1522
135,este,102
135,asamblat,550
135,de,215
135,la,166
135,baza,268
135,"sa,",217
135,deoarece,432
135,în,62
135,membrana,991
135,găsește,508
135,celulară,840
135,o,117
135,rezervă,317
135,pilină.,434
,,
136,Când,616
136,ajung,400
136,la,615
136,"destinație,",766
136,cu,217
136,terasa,566
136,umbrită,847
136,încă,434
136,"vedere,",993
136,desfășor,494
136,prosoapele,871
136,și,312
136,mă,123
136,înclinat.,1050
136,întind,558
136,confortabil,868
136,pe,125
136,scaunul,492
,,
137,Deoarece,497
137,majoritatea,743
137,manualelor,1055
137,sunt,369
137,elaborate,806
137,de,151
137,către,369
137,sau,744
137,pe,552
137,baza,173
137,contribuțiilor,1168
137,respectată.,858
137,"este,",347
137,această,653
137,"domeniu,",782
137,experților,1015
137,în,184
137,cerință,551
137,"obicei,",1026
137,bine,61
137,sferică,63
,,
138,Mărimea,1421
138,razei,557
138,de,185
138,aggro,765
138,variază,533
138,uneori,367
138,în,125
138,funcție,381
138,facțiune,668
138,și,432
138,con,558
138,poate,1240
138,sferică,683
138,anumite,619
138,medii.,684
,,
139,Deși,683
139,Harry,342
139,va,186
139,deveni,309
139,"excepție,",682
139,există,311
139,un,186
139,alt,186
139,"elev,",465
139,asemenea,845
139,de,215
139,orfan,368
139,și,51
139,vrăjitor,535
139,atenție,554
139,acordat,1201
139,"talentat,",677
139,căruia,497
139,Dumbledore,797
139,i-a,101
139,el,49
139,o,227
139,"sporită,",492
139,deși,577
139,nu,186
139,același,595
139,mod,167
139,Harry.,675
139,cazul,282
139,în,399
139,ca,217
139,lui,152
,,
140,Ea,935
140,aranjează,635
140,împrumutul,1098
140,unui,317
140,reparator,1507
140,de,61
140,la,1002
140,un,247
140,"concurent,",1218
140,dar,50
140,între,573
140,timp,315
140,lanterne,418
140,oameni,495
140,mare,309
140,număr,556
140,organizează,1425
140,cu,63
140,într-un,550
140,sistem,449
140,manual,1002
140,semnalizare.,1428
,,
141,"Există,",512
141,de,734
141,"asemenea,",718
141,diferite,504
141,stiluri,333
141,editare,473
141,în,64
141,sensul,861
141,cât,351
141,îndrăzneți,634
141,sunt,115
141,dispuși,851
141,să,488
141,fie,122
141,oamenii.,370
,,
142,Fusese,808
142,surprinsă,618
142,de,496
142,faptul,287
142,că,104
142,Taggart,645
142,trecuse,372
142,într-o,229
142,"zi,",171
142,din,183
142,"senin,",285
142,prin,123
142,camera,499
142,ei,188
142,mahala.,843
,,
143,Pentru,372
143,a,248
143,familiariza,684
143,cu,371
143,demonstrația,850
143,matematică,748
143,"și,",124
143,de,368
143,"asemenea,",368
143,unele,457
143,Demonstrație,1675
143,concepte,784
143,matematice,929
143,"bază,",554
143,cititorii,993
143,pot,311
143,citi,312
143,wikibook,1090
143,matematică.,936
,,
144,Senzorul,818
144,Hall,306
144,și,63
144,inductorul,869
144,utilizează,1476
144,o,168
144,proprietate,1410
144,a,565
144,câmpului,554
144,magnetic,492
144,pentru,368
144,detecta,766
144,curentul,483
144,printr-un,726
144,conductor,617
144,din,123
144,apropiere.,432
,,
145,Acestea,933
145,"sunt,",125
145,în,186
145,"principal,",430
145,linii,832
145,directoare,883
145,privind,610
145,comportamentul,1048
145,"administratorilor,",1542
145,atunci,724
145,utile,461
145,pot,484
145,dar,467
145,fi,50
145,când,1070
145,aveți,438
145,un,63
145,litigiu,426
145,serios,368
145,cu,100
145,administratorii,766
145,sau,216
145,vă,995
145,comisii,655
145,și,179
145,comisarilor,1125
145,adresați,653
145,unei,217
145,de,125
145,arbitraj.,494
,,
146,Nu,309
146,uitați,50
146,că,64
146,textul,351
,,
147,Nu,249
147,uitați,100
147,că,183
147,textul,284
147,va,246
147,curge,282
147,și,167
147,se,280
147,înfășura,372
147,diferit,434
147,pentru,370
147,alți,126
147,"utilizatori,",680
147,în,125
147,funcție,430
147,de,122
147,implicită,432
147,dimensiunea,984
147,rezoluția,1962
147,browserul,972
147,"ales,",334
147,"ecranului,",554
147,a,61
147,"fontului,",553
147,opțiunile,677
147,(cum,461
147,bare,460
147,numărul,734
147,"accesibilitate,",679
147,instrumente,740
147,laterale,452
147,ar,114
147,fi,67
147,panourile,932
147,altele.,347
147,instantanee),1506
147,mesagerie,717
,,
148,Pe,166
148,partea,484
148,"germană,",1009
148,"însă,",181
148,s-a,124
148,format,558
148,un,185
148,decalaj,495
148,între,246
148,cele,286
148,mai,216
148,vestice,350
148,corpuri,616
148,de,867
148,"armată,",741
148,iar,124
148,înaintarea,495
148,rapidă,432
148,a,125
148,epuizat,556
148,trupele.,367
,,
149,Un,102
149,lucru,982
149,important,767
149,de,258
149,menționat,743
149,este,433
149,faptul,247
149,că,61
149,caracterele,755
149,pentru,283
149,cifre,217
149,sunt,667
149,corespunzător,870
149,reprezentate,922
149,diferit,371
149,numărul,492
149,lor,185
149,vecine,345
,,
150,Conexiunile,1616
150,intercelulare,855
150,permit,502
150,heterocitelor,1318
150,să,124
150,transporte,556
150,azotul,675
150,fixat,348
150,către,383
150,celulele,1332
150,vecine,739
150,și,123
150,primească,371
150,carbohidrați.,680
,,
151,Puteți,1151
151,extrage,464
151,un,151
151,singur,482
151,document,432
151,dintr-o,187
151,astfel,372
151,de,63
151,colecție,494
151,și,372
151,îl,61
151,puteți,565
151,distribui,550
151,copie,398
151,condiția,634
151,să,189
151,extras,177
151,documentul,718
151,licențe,785
151,individual,673
151,în,63
151,temeiul,621
151,prezentei,497
151,"licențe,",218
151,cu,116
151,inserați,284
151,o,115
151,a,50
151,licență,428
151,respectați,367
151,prezenta,309
151,toate,185
151,celelalte,431
151,documentului,498
151,copierea,369
151,privește,432
151,ce,124
151,ceea,247
151,privințe,499
151,textuală,281
151,respectiv.,781
151,O,65
151,altă,400
151,carte,1083
151,separată,373
151,tratează,744
151,foile,492
151,de,249
151,stil,308
151,în,125
151,cascadă,558
151,"(CSS),",464
151,care,267
151,se,50
151,ocupă,184
151,aspectul,798
151,CSS.,237
151,abordează,652
151,față,419
151,cartea,720
151,general,868
151,și,123
151,"stilizare,",1215
151,dar,165
151,pe,125
151,scurt,310
,,
152,Budismul,993
152,și,232
152,jainismul,1000
152,au,184
152,multe,499
152,teme,308
152,practici,668
152,"comune,",334
152,inclusiv,282
152,accentul,635
152,pus,315
152,pe,131
152,renunțarea,895
152,la,116
152,ajunge,188
152,credința,1209
152,nonviolență,1427
152,că,231
152,se,1259
152,eliberare,1390
152,prin,218
152,legăturile,839
152,lumești,431
152,merite,435
152,acumularea,617
152,"karma,",617
152,procesul,524
152,iluzie,528
152,leagă,273
152,care,434
152,indivizi,717
152,de,62
152,bune,849
152,rele.,218
152,În,51
152,fiecare,423
152,"an,",124
152,numărul,432
152,de,371
152,membri,495
152,ai,187
152,acestui,432
152,club,333
152,"crește,",384
152,iar,100
152,nevoia,382
152,lideri,217
152,numele,308
152,sub,371
152,și,417
152,cunoscuți,372
152,grupuri,683
152,"mici,",124
152,Facilitatori,2163
152,"nucleu,",433
152,în,247
152,cămine,247
152,crește,396
,,
153,În,233
153,"prezent,",507
153,un,187
153,loc,183
153,este,183
153,egal,186
153,cu,185
153,aproximativ,985
153,600,399
153,0,267
153,de,167
153,alegători.,501
